id,created_at,author_id,in_reply_to_user_id,likert_scale_Q1
522,2024-06-22,2565,4287,1
4129,2024-06-22,2459,,5
4377,2024-06-22,4089,,5
3498,2024-06-22,8320,,1
9949,2024-06-22,783,,5
7958,2024-06-22,11724,,5
1365,2024-06-22,3040,,1
3620,2024-06-22,8858,,1
9089,2024-06-22,1110,,5
6600,2024-06-22,6077,,1
8746,2024-06-22,1110,,5
1376,2024-06-22,8681,,5
3015,2024-06-22,7604,,1
9068,2024-06-22,11091,,3
7425,2024-06-22,9156,,3
5587,2024-06-22,5275,,5
4017,2024-06-22,1762,,5
6740,2024-06-22,2019,,5
3252,2024-06-22,7858,,1
1801,2024-06-22,613,,3
7453,2024-06-22,8337,,1
3597,2024-06-22,11110,,1
9354,2024-06-22,1022,,1
6341,2024-06-22,10438,4287,1
739,2024-06-22,10470,,1
2776,2024-06-22,7487,,3
672,2024-06-22,9508,,5
8735,2024-06-22,10611,,5
6771,2024-06-22,11113,,1
1301,2024-06-22,1306,,1
2821,2024-06-22,11792,,5
447,2024-06-22,10070,,1
1742,2024-06-22,3176,,5
5608,2024-06-22,9107,,5
1933,2024-06-22,10512,,1
9889,2024-06-22,7448,,1
5275,2024-06-22,8653,,5
4090,2024-06-22,97,,5
8192,2024-06-22,9114,,5
2159,2024-06-22,8079,,5
9695,2024-06-22,6176,,5
3443,2024-06-22,2357,618,4
5336,2024-06-22,9399,,1
6558,2024-06-22,1068,,5
2004,2024-06-22,8741,,1
8271,2024-06-22,6294,,5
8457,2024-06-22,2514,,5
4852,2024-06-22,1766,,1
3090,2024-06-22,6577,,1
8345,2024-06-22,1006,,5
1367,2024-06-22,1809,,1
860,2024-06-22,5114,,3
4437,2024-06-22,2036,,1
4838,2024-06-22,4699,,5
3701,2024-06-22,9549,,1
5082,2024-06-22,2980,,1
1380,2024-06-22,7827,,5
2845,2024-06-22,8653,,5
7323,2024-06-22,229,,5
8157,2024-06-22,6330,,1
5291,2024-06-22,2617,,5
3945,2024-06-22,2875,,3
8279,2024-06-22,10197,,1
7791,2024-06-22,7543,,5
3323,2024-06-22,1465,3237,3
1998,2024-06-22,10289,,1
9603,2024-06-22,934,,5
142,2024-06-22,4892,,1
8803,2024-06-22,9718,,1
3924,2024-06-22,11239,,5
9333,2024-06-22,1449,,5
2688,2024-06-22,5530,,1
1440,2024-06-22,5859,,5
9692,2024-06-22,6080,,1
9286,2024-06-22,2569,,1
5224,2024-06-22,5640,,1
5359,2024-06-22,10739,,5
9538,2024-06-22,8397,,1
7685,2024-06-22,5504,,1
9175,2024-06-22,2810,,1
2825,2024-06-22,10261,,1
7633,2024-06-22,9871,,1
9431,2024-06-22,8496,,5
9545,2024-06-22,2796,,1
9470,2024-06-22,6027,,5
2084,2024-06-22,7839,,1
9012,2024-06-22,10526,,5
2151,2024-06-22,3090,,5
1969,2024-06-22,2170,,5
4694,2024-06-22,10023,,1
2883,2024-06-23,1697,,5
9217,2024-06-23,7470,,1
7454,2024-06-23,10820,,5
2753,2024-06-23,4581,,5
8230,2024-06-23,3840,,1
4394,2024-06-23,2684,,1
6056,2024-06-23,10685,,5
8202,2024-06-23,6875,,5
8653,2024-06-23,4139,,3
2714,2024-06-23,1898,,1
1261,2024-06-23,2721,,1
6612,2024-06-23,560,560,3
9325,2024-06-23,166,,5
7408,2024-06-23,3312,,5
9032,2024-06-23,346,,1
9456,2024-06-23,3924,,3
6711,2024-06-23,11879,,3
6780,2024-06-23,543,,5
1319,2024-06-23,10820,,5
6090,2024-06-23,5946,,5
4532,2024-06-23,1991,,3
6079,2024-06-23,4925,,1
4690,2024-06-23,2846,,5
6892,2024-06-23,675,,1
4933,2024-06-23,2206,,1
1876,2024-06-23,7182,,1
3319,2024-06-23,8122,,3
2826,2024-06-23,675,,1
5226,2024-06-23,497,,1
2395,2024-06-23,6333,,3
4246,2024-06-23,4203,,1
1982,2024-06-23,8204,,5
8609,2024-06-23,8869,,1
601,2024-06-23,1742,,1
6364,2024-06-23,3445,,5
4662,2024-06-23,560,560,4
6156,2024-06-23,5721,,1
4229,2024-06-23,745,,1
1291,2024-06-23,1540,,1
2725,2024-06-23,9924,,3
2230,2024-06-23,4901,,5
7662,2024-06-23,5913,,1
6748,2024-06-23,820,,5
6756,2024-06-23,4203,,1
217,2024-06-23,9955,,3
8222,2024-06-23,8031,,3
6881,2024-06-23,4722,,1
9786,2024-06-23,8228,,1
9676,2024-06-23,676,,1
5315,2024-06-23,2885,,5
4720,2024-06-23,560,560,3
9800,2024-06-23,5851,,1
1898,2024-06-23,9936,,5
2599,2024-06-23,222,,3
8162,2024-06-23,1485,,1
7137,2024-06-23,7392,,1
6205,2024-06-23,7573,,1
6034,2024-06-23,1485,,1
1311,2024-06-23,4593,,1
8044,2024-06-23,11011,,1
2276,2024-06-23,11243,,5
9295,2024-06-23,11709,,1
7154,2024-06-23,9651,,1
4712,2024-06-23,11310,,1
7839,2024-06-23,11412,,3
6422,2024-06-23,10161,,5
4446,2024-06-23,907,,1
4168,2024-06-23,9382,,1
1764,2024-06-23,4203,,1
6938,2024-06-23,7230,,5
7237,2024-06-23,11339,,3
7221,2024-06-23,4910,,5
8833,2024-06-23,3976,,3
7825,2024-06-23,1130,,5
7722,2024-06-23,4569,,1
8518,2024-06-23,1809,,1
3107,2024-06-23,3399,,5
3940,2024-06-23,7573,,1
9633,2024-06-23,1044,,3
3986,2024-06-23,2092,1084,2
7044,2024-06-23,745,,1
6423,2024-06-23,4815,,5
3011,2024-06-23,9668,,5
4150,2024-06-23,3522,,3
3129,2024-06-23,684,,3
5349,2024-06-23,4722,,3
505,2024-06-23,11451,,1
2742,2024-06-23,5444,,3
4710,2024-06-23,3870,,1
2061,2024-06-23,11765,,3
4705,2024-06-23,1698,,5
9883,2024-06-23,9746,,3
8716,2024-06-23,5985,,3
9991,2024-06-23,6290,,2
3521,2024-06-23,9402,,1
7356,2024-06-23,8122,,1
9071,2024-06-23,5946,,5
5496,2024-06-23,5689,,5
55,2024-06-23,2102,,3
3462,2024-06-23,560,,5
4435,2024-06-23,1412,,5
2936,2024-06-23,8810,,3
7950,2024-06-23,72,,5
3469,2024-06-23,7709,,1
2296,2024-06-23,7820,,1
7145,2024-06-23,2442,,5
1203,2024-06-23,5834,,1
437,2024-06-23,11697,144,3
3866,2024-06-23,8095,,3
4638,2024-06-23,4847,,1
3588,2024-06-23,4761,,3
245,2024-06-23,1657,,1
6896,2024-06-23,8122,,1
7005,2024-06-23,280,,5
9312,2024-06-23,8373,,3
3698,2024-06-23,3930,,1
4008,2024-06-23,10464,,5
7735,2024-06-23,675,,1
4942,2024-06-23,8719,,3
3618,2024-06-23,2173,,3
6989,2024-06-23,8512,,1
322,2024-06-23,6059,,5
2295,2024-06-23,11697,,5
410,2024-06-23,2946,,3
1442,2024-06-23,5033,,3
4325,2024-06-23,534,,3
5024,2024-06-23,5985,,1
8164,2024-06-23,4447,,5
1807,2024-06-23,72,,5
9553,2024-06-23,6018,,5
9132,2024-06-23,6468,8487,1
5068,2024-06-23,1130,,1
3671,2024-06-23,8492,,5
3553,2024-06-23,11087,,5
4877,2024-06-23,10676,,5
7040,2024-06-23,2946,,1
6368,2024-06-23,9817,,3
1839,2024-06-23,7573,,1
8428,2024-06-23,8563,,3
1414,2024-06-23,9817,,5
4702,2024-06-23,4602,,5
8958,2024-06-23,3810,,5
4809,2024-06-23,4925,,1
3743,2024-06-23,6621,,1
801,2024-06-23,3737,,5
9848,2024-06-23,8262,,3
4023,2024-06-23,2924,,1
9757,2024-06-23,6473,,5
635,2024-06-23,5878,,5
3284,2024-06-23,8737,,5
9669,2024-06-23,6880,,5
7203,2024-06-23,11665,,5
9288,2024-06-23,10906,,5
9894,2024-06-23,8155,,5
7868,2024-06-23,3507,,3
1100,2024-06-23,8485,,5
2715,2024-06-23,8373,,1
6163,2024-06-23,10676,,5
3723,2024-06-23,2442,,4
7647,2024-06-23,8308,,5
6670,2024-06-23,10856,,3
7615,2024-06-23,10516,,3
7461,2024-06-23,8443,,3
883,2024-06-23,4346,,1
9530,2024-06-23,9036,,3
8559,2024-06-23,9355,,5
7183,2024-06-23,4902,,3
747,2024-06-23,11573,,3
5614,2024-06-23,2490,,5
7591,2024-06-23,2588,,5
6425,2024-06-23,9861,,3
7287,2024-06-23,6365,,1
3040,2024-06-23,3567,,5
8478,2024-06-23,10278,,1
4545,2024-06-23,4237,,3
8587,2024-06-23,5297,,2
4501,2024-06-23,4132,5184,1
7283,2024-06-23,6952,,1
1097,2024-06-23,10275,,1
8771,2024-06-23,7326,,5
3067,2024-06-23,11084,,1
1913,2024-06-23,2966,,1
6493,2024-06-23,3239,,5
2583,2024-06-23,10208,,1
5107,2024-06-23,3390,,3
5072,2024-06-23,6109,,3
3144,2024-06-23,11331,,5
1385,2024-06-23,7067,,3
654,2024-06-23,9688,,1
5848,2024-06-23,4962,,3
1483,2024-06-23,6742,,3
9347,2024-06-23,4602,,5
3202,2024-06-23,9643,,1
8483,2024-06-23,4190,,3
9383,2024-06-23,9884,,5
1394,2024-06-23,849,,5
7446,2024-06-23,11549,,1
4558,2024-06-23,3715,,1
6191,2024-06-23,8582,,1
7434,2024-06-23,11814,,1
160,2024-06-23,10083,,1
4572,2024-06-23,3788,,3
9674,2024-06-23,2065,,3
5535,2024-06-23,20,,1
1513,2024-06-23,3930,,1
7172,2024-06-23,9221,,5
7505,2024-06-23,9319,,5
5418,2024-06-23,1028,,5
8454,2024-06-23,8969,,1
5678,2024-06-23,7650,,3
7519,2024-06-23,1028,,5
8441,2024-06-23,11186,,5
7475,2024-06-23,9482,,1
1522,2024-06-23,11841,,3
3892,2024-06-23,8119,,3
452,2024-06-23,7618,,5
8049,2024-06-23,9414,,3
9066,2024-06-23,144,,5
1816,2024-06-23,4880,,1
8377,2024-06-23,1009,,5
2838,2024-06-23,9402,,3
8649,2024-06-23,4942,,5
5946,2024-06-23,1341,,3
141,2024-06-23,11735,,1
5159,2024-06-23,4942,,5
3299,2024-06-23,6507,,3
2035,2024-06-23,7416,,5
1374,2024-06-23,10543,,3
7530,2024-06-23,144,,5
4085,2024-06-23,5888,,1
8378,2024-06-23,5702,,5
3704,2024-06-23,1937,,1
2022,2024-06-23,9699,,1
6267,2024-06-23,1706,,1
9697,2024-06-23,9063,,1
2610,2024-06-23,7709,,3
9769,2024-06-23,4538,,1
4043,2024-06-23,4662,,1
6879,2024-06-23,6531,,1
1755,2024-06-23,6531,,1
5048,2024-06-23,11572,,1
2671,2024-06-23,11632,6310,1
7395,2024-06-23,10905,,5
3683,2024-06-23,282,,1
659,2024-06-23,10598,,3
9729,2024-06-23,3962,,3
910,2024-06-23,2966,,1
9464,2024-06-23,1019,,3
8703,2024-06-23,4536,,3
3363,2024-06-23,3073,,3
4316,2024-06-23,11029,,1
5290,2024-06-23,4121,,5
6593,2024-06-23,4925,,3
8085,2024-06-23,11605,,1
6912,2024-06-23,4704,,5
7606,2024-06-23,2500,,1
226,2024-06-23,8065,,5
4683,2024-06-23,3487,,1
622,2024-06-23,2442,,5
1859,2024-06-23,2820,,1
1952,2024-06-23,1937,,1
2567,2024-06-23,4691,,1
3726,2024-06-23,4121,,5
8851,2024-06-23,3359,,1
9890,2024-06-23,1415,,3
1523,2024-06-23,1706,,1
2455,2024-06-23,14,,1
2750,2024-06-23,1706,,1
3376,2024-06-23,3555,,5
3995,2024-06-23,2281,,3
1402,2024-06-23,4121,,5
4964,2024-06-23,7661,,3
2873,2024-06-23,9979,,1
6932,2024-06-23,2374,,3
5111,2024-06-23,3616,,3
2664,2024-06-23,2287,,1
3860,2024-06-23,5201,,1
5948,2024-06-23,8540,,3
4211,2024-06-23,1004,,1
7155,2024-06-23,1037,,5
4706,2024-06-23,7399,,1
5623,2024-06-23,7013,,5
465,2024-06-23,6091,,1
5357,2024-06-23,11501,,3
3590,2024-06-23,8135,,5
6112,2024-06-23,2102,,1
5205,2024-06-23,5528,,5
7641,2024-06-23,11381,,5
7948,2024-06-23,10743,,1
6042,2024-06-23,11614,,1
7597,2024-06-23,3359,,1
1186,2024-06-23,6091,,3
2245,2024-06-23,5541,,5
5905,2024-06-23,10617,,3
4279,2024-06-23,11782,,1
2459,2024-06-23,5207,,5
1644,2024-06-23,2347,,5
6973,2024-06-23,2010,,5
3290,2024-06-23,6289,,1
704,2024-06-23,4669,,1
5672,2024-06-23,4478,,3
2606,2024-06-23,6387,,1
5915,2024-06-23,8969,,3
2622,2024-06-23,11878,,3
3141,2024-06-23,5529,,3
4525,2024-06-23,8556,,1
5532,2024-06-23,8293,,3
4271,2024-06-23,6586,,5
2785,2024-06-23,7533,,1
6598,2024-06-23,8693,,1
3665,2024-06-23,2830,,1
935,2024-06-23,1677,,3
8864,2024-06-23,659,,1
1265,2024-06-23,2385,,3
9146,2024-06-23,2474,,1
405,2024-06-23,9579,,3
8905,2024-06-23,10747,,5
9873,2024-06-23,10883,,1
7252,2024-06-23,7416,,5
7418,2024-06-23,6387,,1
4605,2024-06-23,2962,,1
9248,2024-06-23,2197,,5
7971,2024-06-23,5125,,5
4943,2024-06-23,4447,,1
9375,2024-06-23,6387,,1
7246,2024-06-23,4683,,1
6965,2024-06-23,9155,,3
3827,2024-06-23,7448,,3
2363,2024-06-23,11877,,1
7471,2024-06-23,3397,,3
2781,2024-06-23,6770,,5
9667,2024-06-23,11760,,3
1805,2024-06-23,11221,,5
5923,2024-06-23,3679,,1
4148,2024-06-23,5841,,1
3575,2024-06-23,9289,,1
4834,2024-06-23,11331,,5
2202,2024-06-23,227,,5
3889,2024-06-23,6387,,1
3616,2024-06-23,3990,,3
4319,2024-06-23,1079,,1
1907,2024-06-23,1029,,5
1075,2024-06-23,4869,,3
9664,2024-06-23,8132,,3
840,2024-06-23,8260,,5
5289,2024-06-23,3171,,1
1058,2024-06-23,9651,,3
5174,2024-06-23,5072,,1
4467,2024-06-23,136,,3
5013,2024-06-23,932,,3
515,2024-06-23,9044,,1
3741,2024-06-23,7346,,5
4579,2024-06-23,1336,,1
3077,2024-06-23,4942,,5
2129,2024-06-23,5908,,1
7753,2024-06-23,10748,,5
5719,2024-06-23,5551,,1
4584,2024-06-23,5634,,3
4160,2024-06-23,1628,,1
3344,2024-06-23,890,,3
4533,2024-06-23,2133,,3
5193,2024-06-23,85,,5
2758,2024-06-23,8102,,3
8706,2024-06-23,4095,,5
6922,2024-06-23,4716,,1
9251,2024-06-23,4098,,5
1581,2024-06-23,7178,,1
9000,2024-06-23,1943,,3
4238,2024-06-23,6955,,5
3208,2024-06-24,4606,,5
5004,2024-06-24,1279,,1
1009,2024-06-24,716,,1
4666,2024-06-24,9233,,1
5148,2024-06-24,4614,,1
1101,2024-06-24,9753,,1
660,2024-06-24,4607,,1
6996,2024-06-24,9811,,5
5991,2024-06-24,9706,,1
5424,2024-06-24,5671,,1
7010,2024-06-24,6091,,1
6889,2024-06-24,10952,,1
4216,2024-06-24,8855,,1
4840,2024-06-24,3122,,1
7926,2024-06-24,9811,,5
9426,2024-06-24,9811,,4
8247,2024-06-24,8295,,1
3831,2024-06-24,2433,,1
9649,2024-06-24,7075,,1
3668,2024-06-24,3992,,1
4206,2024-06-24,7631,,1
7062,2024-06-24,10015,,5
6175,2024-06-24,6091,,1
6900,2024-06-24,1138,,1
6233,2024-06-24,5113,,1
1576,2024-06-24,3545,,5
9180,2024-06-24,3094,,1
8091,2024-06-24,4189,,5
6641,2024-06-24,1214,,1
6071,2024-06-24,10112,,5
8307,2024-06-24,9503,,3
7853,2024-06-24,972,,1
3100,2024-06-24,9811,,5
5493,2024-06-24,675,,1
2975,2024-06-24,7037,,1
9496,2024-06-24,2538,,1
8902,2024-06-24,8339,,2
2799,2024-06-24,10840,,1
4298,2024-06-24,8094,,1
8773,2024-06-24,10942,,1
2756,2024-06-24,2982,,1
8063,2024-06-24,5671,,5
6811,2024-06-24,2757,,1
5821,2024-06-24,9719,,1
2881,2024-06-24,11582,,1
5051,2024-06-24,5157,,1
8619,2024-06-24,5204,,1
3973,2024-06-24,9446,,3
9398,2024-06-24,11330,,1
5745,2024-06-24,5279,,1
2121,2024-06-24,9654,,1
2597,2024-06-24,4518,,1
9328,2024-06-24,5253,,1
6454,2024-06-24,11312,,1
2397,2024-06-24,9245,,1
3587,2024-06-24,831,,1
8900,2024-06-24,5118,,1
5446,2024-06-24,1288,,1
3288,2024-06-24,10575,,1
495,2024-06-24,11204,,1
2493,2024-06-24,171,,5
3835,2024-06-24,5226,,1
8423,2024-06-24,11479,,5
5500,2024-06-24,8596,,1
9866,2024-06-24,10412,,1
1307,2024-06-24,7332,,5
6443,2024-06-24,9635,,1
1997,2024-06-24,1967,,1
3025,2024-06-24,3438,,1
4670,2024-06-24,2757,,1
8316,2024-06-24,11584,,1
9404,2024-06-24,9968,,1
4053,2024-06-24,8295,,1
2655,2024-06-24,3177,,5
8083,2024-06-24,10895,,1
9219,2024-06-24,3326,,1
98,2024-06-24,5838,,1
144,2024-06-24,1359,,1
2636,2024-06-24,2320,,1
4901,2024-06-24,2525,,5
9623,2024-06-24,6287,,1
9485,2024-06-24,3598,,1
6674,2024-06-24,10773,,1
9630,2024-06-24,8228,,1
7232,2024-06-24,9764,,1
4608,2024-06-24,6070,,1
511,2024-06-24,518,,1
5937,2024-06-24,4134,,1
800,2024-06-24,9314,,1
3447,2024-06-24,6655,,5
9768,2024-06-24,4066,,1
2761,2024-06-24,8162,,1
1183,2024-06-24,11627,,1
4448,2024-06-24,673,,5
3396,2024-06-24,163,,1
9844,2024-06-24,1344,,1
7412,2024-06-24,6929,,1
6904,2024-06-24,6102,,5
6636,2024-06-24,8782,,1
8105,2024-06-24,840,,1
3422,2024-06-24,8709,,1
2182,2024-06-24,8414,,1
6309,2024-06-24,9140,,1
6488,2024-06-24,7090,,1
6048,2024-06-24,1448,,1
3273,2024-06-24,4187,,1
1719,2024-06-24,5965,,5
8719,2024-06-24,4155,,3
1753,2024-06-24,11774,,1
7466,2024-06-24,1092,,1
6934,2024-06-24,6801,,1
2486,2024-06-24,8647,,1
1002,2024-06-24,9896,,1
8193,2024-06-24,10961,,5
6800,2024-06-24,5246,,5
4471,2024-06-24,1803,,1
7524,2024-06-24,4909,,5
4899,2024-06-24,7114,,3
3548,2024-06-24,5066,,5
2556,2024-06-24,6797,,1
1626,2024-06-24,1474,,3
4841,2024-06-24,11114,,1
5331,2024-06-24,5521,10434,1
6039,2024-06-24,3052,,1
8661,2024-06-24,2364,,5
8207,2024-06-24,282,,1
6567,2024-06-24,6749,,5
8567,2024-06-24,9254,,1
4400,2024-06-24,7157,,1
8788,2024-06-24,587,,1
2682,2024-06-24,11454,,1
6392,2024-06-24,1179,,1
8365,2024-06-24,5374,,1
5167,2024-06-24,2410,,1
5558,2024-06-24,2701,,1
6693,2024-06-24,2972,,3
7207,2024-06-24,9274,,1
7072,2024-06-24,6054,,1
1934,2024-06-24,9807,,1
9438,2024-06-24,774,,1
7798,2024-06-24,2160,,1
4835,2024-06-24,7762,,1
7396,2024-06-24,349,,5
1469,2024-06-24,2066,,5
106,2024-06-24,3166,,1
2134,2024-06-24,904,,1
2279,2024-06-24,8644,,3
401,2024-06-24,6360,,1
1006,2024-06-24,7677,,5
9237,2024-06-24,5133,,5
3161,2024-06-24,5256,,1
9302,2024-06-24,212,,1
2619,2024-06-24,9446,,5
6109,2024-06-24,2040,,4
9303,2024-06-24,10091,,1
9513,2024-06-24,5134,,1
2090,2024-06-24,5519,,1
5993,2024-06-24,10849,,3
1833,2024-06-24,9328,,1
3428,2024-06-24,11681,,1
2716,2024-06-24,10576,,5
9233,2024-06-24,10759,,1
6820,2024-06-24,10380,,1
560,2024-06-24,1266,,5
3411,2024-06-24,8289,,1
9990,2024-06-24,731,,3
2628,2024-06-24,3612,,1
9360,2024-06-24,4744,,1
1558,2024-06-24,11220,,5
6927,2024-06-24,8097,,1
9709,2024-06-24,6787,,1
611,2024-06-24,7561,,1
2069,2024-06-24,2151,,1
2272,2024-06-24,1995,,1
8534,2024-06-24,998,,1
5078,2024-06-24,1836,,1
8914,2024-06-24,8031,,1
7190,2024-06-24,775,,1
9468,2024-06-24,10895,,3
8176,2024-06-24,3101,,1
8950,2024-06-24,10918,,5
6184,2024-06-24,10854,,2
1900,2024-06-24,4744,,1
733,2024-06-24,5256,,1
16,2024-06-24,4558,,5
2055,2024-06-24,1813,,5
2743,2024-06-24,9643,,5
6289,2024-06-24,7352,,1
8948,2024-06-24,9275,,5
9342,2024-06-24,11584,,1
4882,2024-06-24,8647,,1
4514,2024-06-24,7795,,1
8293,2024-06-24,1765,,5
9822,2024-06-24,2778,,1
818,2024-06-24,9092,,5
666,2024-06-24,5504,,1
6389,2024-06-24,314,,1
6518,2024-06-24,6732,,3
6136,2024-06-24,6574,,1
8025,2024-06-24,8633,,3
6801,2024-06-24,8196,,3
4330,2024-06-24,11074,,3
3847,2024-06-24,10623,,1
2828,2024-06-24,8548,,1
7479,2024-06-24,1250,,1
5893,2024-06-24,2048,,1
1246,2024-06-24,11403,,1
5772,2024-06-24,11309,,5
7995,2024-06-24,2266,,5
8656,2024-06-24,4765,,5
4688,2024-06-24,5134,,1
6458,2024-06-24,8886,,5
6602,2024-06-24,1229,,1
1098,2024-06-24,8093,,3
1085,2024-06-24,9640,,5
3499,2024-06-24,8647,,1
4204,2024-06-24,10508,,3
6956,2024-06-24,4558,,3
89,2024-06-24,3640,,1
7037,2024-06-24,443,,1
4624,2024-06-24,5743,,5
3853,2024-06-24,9275,,5
3442,2024-06-24,4125,,1
677,2024-06-24,3728,,5
2877,2024-06-24,993,,1
9880,2024-06-24,6576,,5
3406,2024-06-24,2687,,1
2662,2024-06-24,1229,,2
1023,2024-06-24,4425,10401,1
5499,2024-06-24,6631,,1
2978,2024-06-24,9670,,1
1605,2024-06-24,3193,,1
4818,2024-06-24,3644,,3
7424,2024-06-24,3728,,5
9232,2024-06-24,3775,,5
4332,2024-06-24,744,,1
3781,2024-06-24,7503,,1
9202,2024-06-24,1229,,1
8825,2024-06-24,8883,,1
8919,2024-06-24,4953,,1
1930,2024-06-24,6328,,3
1383,2024-06-24,998,,1
2060,2024-06-24,9194,1744,1
3204,2024-06-24,2230,,3
1700,2024-06-24,2435,,1
1175,2024-06-24,5691,,1
80,2024-06-24,4532,,1
8941,2024-06-24,10317,,1
6117,2024-06-24,10935,,1
9009,2024-06-24,4232,,1
4432,2024-06-24,10454,,1
729,2024-06-24,11234,6246,1
8294,2024-06-24,4988,,1
6677,2024-06-24,109,,3
5218,2024-06-24,8554,,1
614,2024-06-24,11096,,1
1453,2024-06-24,4603,,1
3777,2024-06-24,11061,,1
4392,2024-06-24,9400,,1
7765,2024-06-24,2227,,3
9029,2024-06-24,4255,,1
1642,2024-06-24,109,,1
3086,2024-06-24,5155,,1
7668,2024-06-24,10759,,1
8205,2024-06-24,1417,,3
87,2024-06-24,7635,,1
6118,2024-06-24,8094,,1
3736,2024-06-24,11798,,1
1629,2024-06-24,6757,,1
5520,2024-06-24,1267,,1
4785,2024-06-24,10412,,1
2329,2024-06-24,9155,,1
2585,2024-06-24,3510,,1
7571,2024-06-24,4055,,3
1059,2024-06-24,1404,,2
5355,2024-06-24,5155,,3
7673,2024-06-24,314,,1
8694,2024-06-24,3538,,1
8326,2024-06-24,6949,,1
5837,2024-06-24,100,,1
8261,2024-06-24,11059,,1
7021,2024-06-24,2535,,3
7476,2024-06-24,2430,,1
928,2024-06-24,9699,,1
4009,2024-06-24,5587,,2
2479,2024-06-24,3510,,5
1880,2024-06-24,2592,,1
5102,2024-06-24,3644,,5
9453,2024-06-24,5139,,1
2660,2024-06-24,630,,5
7850,2024-06-24,8587,,1
526,2024-06-24,5646,,1
2132,2024-06-24,7037,,1
2335,2024-06-24,2022,,3
3192,2024-06-24,3784,,3
6793,2024-06-24,627,,5
9764,2024-06-24,6211,,3
9738,2024-06-24,2196,,3
7548,2024-06-24,6025,,5
9086,2024-06-24,6210,,1
6691,2024-06-24,4571,10182,1
4399,2024-06-24,9178,,5
8524,2024-06-24,7986,,3
6452,2024-06-24,9028,,1
166,2024-06-24,1475,,3
8448,2024-06-24,2430,,5
6939,2024-06-24,1254,,5
6240,2024-06-24,2364,,1
8934,2024-06-24,429,,3
2470,2024-06-24,1816,,3
3858,2024-06-24,1007,,1
9281,2024-06-24,5994,,1
2848,2024-06-24,2230,,1
3159,2024-06-24,1633,,1
4909,2024-06-24,2526,,1
5677,2024-06-24,9898,,1
9977,2024-06-24,1934,,5
2739,2024-06-24,3767,,5
1929,2024-06-24,10918,,1
1161,2024-06-24,1015,,1
7467,2024-06-24,10808,,3
84,2024-06-24,1080,,1
8087,2024-06-24,9521,,3
9516,2024-06-24,4941,,1
4289,2024-06-24,6738,,3
1285,2024-06-24,2230,,1
2343,2024-06-24,1015,,1
5970,2024-06-24,11479,,5
5396,2024-06-24,11410,,1
6952,2024-06-24,8780,,1
3798,2024-06-24,4694,,1
2632,2024-06-24,3394,,5
6272,2024-06-24,9521,,5
8516,2024-06-24,740,,1
5219,2024-06-24,196,,1
5755,2024-06-24,1627,,1
841,2024-06-24,5900,,1
8618,2024-06-24,6625,,1
1945,2024-06-24,11325,,1
9862,2024-06-24,7936,,1
1108,2024-06-24,6571,,1
7799,2024-06-24,3681,,1
4715,2024-06-24,10431,,1
8877,2024-06-24,5672,,1
9520,2024-06-24,5279,,1
3807,2024-06-24,7949,,1
8768,2024-06-24,9220,,1
6639,2024-06-24,10088,,1
2955,2024-06-24,5404,,1
6213,2024-06-24,234,,1
2504,2024-06-24,2594,,5
4891,2024-06-24,5148,,3
5785,2024-06-24,3002,,3
3436,2024-06-24,630,,1
9799,2024-06-24,1303,,5
4018,2024-06-24,2117,,5
9946,2024-06-24,10701,8993,1
5435,2024-06-24,10108,,1
8712,2024-06-24,9045,,1
2874,2024-06-24,4850,,3
2120,2024-06-24,9876,,1
2496,2024-06-24,1261,,1
4806,2024-06-24,5181,4441,3
3393,2024-06-24,4344,,5
7462,2024-06-24,6676,,3
6565,2024-06-24,11033,,5
5356,2024-06-24,5674,,1
7310,2024-06-24,10995,,1
8989,2024-06-24,8281,,1
2833,2024-06-24,9824,,1
4609,2024-06-24,6528,,1
5564,2024-06-24,1277,,1
1652,2024-06-24,10643,,5
5477,2024-06-24,1058,,1
1570,2024-06-24,9521,,3
7198,2024-06-24,5977,,5
880,2024-06-24,186,,1
3599,2024-06-24,10626,,3
6963,2024-06-24,4215,,3
5552,2024-06-24,3976,,1
1004,2024-06-24,10015,,1
3640,2024-06-24,6383,,1
3351,2024-06-24,1362,,1
1047,2024-06-24,3169,,1
6287,2024-06-24,8057,,3
7375,2024-06-24,8807,,1
7556,2024-06-24,1088,,2
7234,2024-06-24,1421,,3
335,2024-06-24,4123,,1
234,2024-06-24,5488,,1
7754,2024-06-24,235,,3
1583,2024-06-24,4859,,1
4842,2024-06-24,9274,,1
2914,2024-06-24,9663,,5
7170,2024-06-24,10270,,3
21,2024-06-24,7601,,1
3320,2024-06-24,8328,,1
9773,2024-06-24,11479,,5
1733,2024-06-24,8922,,1
2690,2024-06-24,4147,,1
6902,2024-06-24,776,,3
9551,2024-06-24,1816,,5
4817,2024-06-24,11059,,5
9274,2024-06-24,196,,1
8848,2024-06-24,8062,,1
3465,2024-06-24,1261,,1
7288,2024-06-24,10193,,3
184,2024-06-24,8126,,1
320,2024-06-24,8277,,5
9507,2024-06-24,9429,,3
2589,2024-06-24,9876,,1
956,2024-06-24,4624,,1
7459,2024-06-24,11062,,1
5046,2024-06-24,5345,,5
5199,2024-06-24,1129,,3
7223,2024-06-24,2628,,1
7031,2024-06-24,1598,,1
4968,2024-06-24,11877,,1
6941,2024-06-24,1811,,1
8058,2024-06-24,4463,,2
4849,2024-06-24,3530,,5
7784,2024-06-24,1782,,1
1295,2024-06-24,2066,,1
8713,2024-06-24,11535,,1
7437,2024-06-24,6280,,5
548,2024-06-24,4940,,1
108,2024-06-24,11728,,1
1812,2024-06-24,8339,,5
7942,2024-06-24,7879,,5
7299,2024-06-24,5555,,1
7954,2024-06-24,3886,,1
6761,2024-06-24,10434,,3
664,2024-06-24,310,,5
740,2024-06-24,3205,,1
6327,2024-06-24,4327,,5
3493,2024-06-24,4793,,3
7,2024-06-24,3179,,5
2356,2024-06-24,1091,,1
260,2024-06-24,3970,,1
1768,2024-06-24,4859,,1
5025,2024-06-24,2594,,5
3577,2024-06-24,9822,,1
9046,2024-06-24,3980,,5
5079,2024-06-24,9663,,1
1475,2024-06-24,9219,,1
7708,2024-06-24,7716,,1
2795,2024-06-24,9387,,1
3898,2024-06-24,8389,,5
9489,2024-06-24,2134,,1
6951,2024-06-24,8731,,1
1081,2024-06-24,7364,,1
5622,2024-06-24,10684,,1
9143,2024-06-24,7377,,5
8336,2024-06-24,7120,,3
7707,2024-06-24,8479,5565,1
7397,2024-06-24,3676,,1
180,2024-06-24,3380,,1
7028,2024-06-24,11300,,3
4979,2024-06-24,694,,1
5479,2024-06-24,4953,,1
6382,2024-06-24,11798,,1
2696,2024-06-24,1639,,5
8504,2024-06-24,234,,1
8253,2024-06-24,3620,,5
5213,2024-06-24,3492,,5
2297,2024-06-24,5299,,1
6968,2024-06-24,3448,,1
7063,2024-06-24,2825,,2
8878,2024-06-24,5878,,3
8636,2024-06-24,11776,,1
4677,2024-06-24,3660,,1
7716,2024-06-24,9261,,5
6135,2024-06-24,4339,,1
4119,2024-06-24,9446,,5
6871,2024-06-24,6620,,5
557,2024-06-24,1793,,3
9416,2024-06-24,5343,,1
6846,2024-06-24,7241,,1
1176,2024-06-24,11715,,1
6562,2024-06-24,3737,,3
7991,2024-06-24,3753,,1
1995,2024-06-24,4027,,5
7416,2024-06-24,10786,,1
5771,2024-06-24,7268,,5
634,2024-06-24,2151,,1
1806,2024-06-24,2390,,5
8218,2024-06-24,9446,,5
5252,2024-06-24,4517,,1
8741,2024-06-24,7886,,1
1356,2024-06-24,2907,,5
1111,2024-06-24,6994,,3
9149,2024-06-24,3728,,5
1113,2024-06-24,5409,,5
858,2024-06-24,11401,,1
6257,2024-06-24,5816,,1
9581,2024-06-24,10500,,1
5217,2024-06-24,1887,,5
3374,2024-06-24,8154,,1
4639,2024-06-24,9457,,1
5943,2024-06-24,4781,,5
9838,2024-06-24,6994,,1
772,2024-06-24,9810,,5
481,2024-06-24,3639,,1
3354,2024-06-24,5739,,1
6280,2024-06-24,10006,,5
9837,2024-06-24,6144,,1
5721,2024-06-24,4480,,3
7801,2024-06-24,10870,,1
3969,2024-06-24,6994,,1
7975,2024-06-24,4974,,1
6629,2024-06-24,770,,5
5052,2024-06-24,3189,,1
2195,2024-06-24,1146,,1
8651,2024-06-24,797,,1
6013,2024-06-24,10834,,5
2231,2024-06-24,387,,1
94,2024-06-24,9434,,5
6683,2024-06-24,11318,,1
4013,2024-06-24,1329,,1
8747,2024-06-24,11440,,5
8789,2024-06-24,9753,,1
6180,2024-06-24,3095,,5
3517,2024-06-24,824,,1
59,2024-06-24,9627,,5
451,2024-06-24,7974,,5
3696,2024-06-24,845,,1
2092,2024-06-24,10385,,1
281,2024-06-24,4905,,1
5972,2024-06-24,2391,,1
3089,2024-06-24,797,,1
7928,2024-06-25,3941,,5
4959,2024-06-25,4626,,1
7813,2024-06-25,1836,,1
5704,2024-06-25,10612,,1
3041,2024-06-25,7782,,1
5942,2024-06-25,560,,3
9832,2024-06-25,6869,,1
848,2024-06-25,10683,,1
8061,2024-06-25,1238,,1
4340,2024-06-25,3903,,1
1445,2024-06-25,8185,,1
9305,2024-06-25,8758,,5
942,2024-06-25,6381,,1
7211,2024-06-25,3330,,1
23,2024-06-25,5720,,1
3989,2024-06-25,8908,,1
7660,2024-06-25,3723,,1
4745,2024-06-25,7935,,2
4309,2024-06-25,156,,1
9290,2024-06-25,10483,,1
5421,2024-06-25,4933,,1
4328,2024-06-25,10052,,5
9499,2024-06-25,8063,,1
9820,2024-06-25,4837,,1
2108,2024-06-25,1833,,1
4056,2024-06-25,2454,,5
4679,2024-06-25,10797,,1
4721,2024-06-25,1390,,1
456,2024-06-25,2203,,1
2098,2024-06-25,2355,,3
945,2024-06-25,119,,1
5012,2024-06-25,3668,,1
214,2024-06-25,9054,,1
991,2024-06-25,4552,,1
1756,2024-06-25,10483,,1
9465,2024-06-25,9374,,1
9430,2024-06-25,2995,,2
908,2024-06-25,3730,,1
3710,2024-06-25,10368,,3
888,2024-06-25,9201,,5
8077,2024-06-25,3607,,5
5638,2024-06-25,9796,,5
3647,2024-06-25,3903,,1
8783,2024-06-25,10483,,1
5136,2024-06-25,5371,,5
1549,2024-06-25,10368,,5
1548,2024-06-25,7138,,1
5515,2024-06-25,3739,,1
9556,2024-06-25,10467,,1
2857,2024-06-25,3600,,5
2595,2024-06-25,9895,,1
3595,2024-06-25,4910,,5
1637,2024-06-25,4019,,1
7121,2024-06-25,79,,1
9508,2024-06-25,5967,,1
3163,2024-06-25,2887,,1
3028,2024-06-25,563,,5
7071,2024-06-25,10940,,1
2698,2024-06-25,11866,,1
4152,2024-06-25,5584,,5
7855,2024-06-25,9254,,1
3652,2024-06-25,1779,,5
2950,2024-06-25,9737,,1
4294,2024-06-25,4157,,2
6291,2024-06-25,8041,,1
1603,2024-06-25,9953,,1
9564,2024-06-25,10569,,1
3340,2024-06-25,5573,,1
185,2024-06-25,4959,,1
9512,2024-06-25,9109,,1
9178,2024-06-25,8063,,1
6910,2024-06-25,4556,,1
929,2024-06-25,4959,,1
1349,2024-06-25,4467,,1
8146,2024-06-25,6641,,1
1223,2024-06-25,3476,,1
5625,2024-06-25,6469,,1
4296,2024-06-25,3749,,1
7497,2024-06-25,11410,,1
6152,2024-06-25,2926,,1
5980,2024-06-25,9768,,1
7429,2024-06-25,4388,,5
5264,2024-06-25,4388,,5
9860,2024-06-25,2694,,1
6130,2024-06-25,7639,,5
9318,2024-06-25,729,,5
2899,2024-06-25,374,,1
8299,2024-06-25,801,,1
9762,2024-06-25,958,,5
9229,2024-06-25,1391,,1
6137,2024-06-25,5014,,1
9355,2024-06-25,5064,,1
8669,2024-06-25,1452,,5
2859,2024-06-25,8063,,5
334,2024-06-25,9737,,1
2402,2024-06-25,8063,,1
6374,2024-06-25,2386,,1
7748,2024-06-25,2090,,1
9079,2024-06-25,5624,,5
2410,2024-06-25,2308,,1
5516,2024-06-25,2316,,1
886,2024-06-25,3314,,1
4464,2024-06-25,5147,,1
2031,2024-06-25,7245,,1
7371,2024-06-25,11769,,1
8991,2024-06-25,5977,,3
6415,2024-06-25,3517,,1
4847,2024-06-25,1303,,5
1079,2024-06-25,11295,,5
9619,2024-06-25,5857,,1
5701,2024-06-25,10668,,1
7291,2024-06-25,7043,,5
9242,2024-06-25,1618,,1
1874,2024-06-25,4500,,1
4623,2024-06-25,5241,,1
8400,2024-06-25,3723,,1
980,2024-06-25,7038,,1
5852,2024-06-25,2870,,5
6295,2024-06-25,2935,,1
1236,2024-06-25,3467,,5
8113,2024-06-25,10061,,5
9935,2024-06-25,7380,,5
7866,2024-06-25,2090,,1
6875,2024-06-25,3517,,1
343,2024-06-25,6928,,1
2491,2024-06-25,4282,,1
2373,2024-06-25,2090,,1
1486,2024-06-25,2138,,1
3821,2024-06-25,8563,,1
4441,2024-06-25,626,,5
3570,2024-06-25,5241,,1
7686,2024-06-25,3902,,5
7623,2024-06-25,11194,,1
92,2024-06-25,541,,1
3478,2024-06-25,1668,,1
2638,2024-06-25,6387,,1
8836,2024-06-25,6641,,1
5903,2024-06-25,6236,,5
5116,2024-06-25,6156,,1
9511,2024-06-25,7874,,1
649,2024-06-25,8052,,5
3075,2024-06-25,9287,,2
1215,2024-06-25,6493,,1
1687,2024-06-25,9921,,1
194,2024-06-25,747,1744,1
1621,2024-06-25,5743,,5
2364,2024-06-25,7876,,1
5822,2024-06-25,1648,,1
1877,2024-06-25,1743,,1
2480,2024-06-25,8984,,5
4560,2024-06-25,101,,1
6481,2024-06-25,11396,,1
4379,2024-06-25,7612,,5
734,2024-06-25,706,,1
730,2024-06-25,7138,,1
4003,2024-06-25,10343,,2
76,2024-06-25,3763,,2
2979,2024-06-25,10092,,5
6387,2024-06-25,9782,,1
7771,2024-06-25,9374,,1
583,2024-06-25,160,,5
8160,2024-06-25,848,,1
9813,2024-06-25,6760,,1
8034,2024-06-25,6976,,5
284,2024-06-25,10092,,5
7838,2024-06-25,602,,1
9955,2024-06-25,7050,,1
4485,2024-06-25,7387,,5
8814,2024-06-25,5504,,2
8004,2024-06-25,9133,,1
4052,2024-06-25,2926,,1
2302,2024-06-25,11253,,5
6040,2024-06-25,458,,1
521,2024-06-25,2392,,1
7253,2024-06-25,7038,,1
7022,2024-06-25,5741,,2
3471,2024-06-25,10823,,1
1360,2024-06-25,3434,,5
7773,2024-06-25,7040,,5
5776,2024-06-25,5430,,1
3135,2024-06-25,1844,,1
6532,2024-06-25,6120,,1
1909,2024-06-25,6102,,5
2109,2024-06-25,10018,,1
3918,2024-06-25,447,,1
5556,2024-06-25,4236,,5
9579,2024-06-25,6120,,1
9324,2024-06-25,8459,,3
1419,2024-06-25,3787,,5
2849,2024-06-25,11117,4287,1
7432,2024-06-25,2786,,2
8624,2024-06-25,2059,,3
9712,2024-06-25,4224,,5
8594,2024-06-25,3409,,1
1854,2024-06-25,7893,,5
107,2024-06-25,1822,,1
9080,2024-06-25,8712,,1
5026,2024-06-25,4629,,5
3659,2024-06-25,9438,,1
2229,2024-06-25,9817,,5
3854,2024-06-25,10629,,1
1635,2024-06-25,3403,,1
4934,2024-06-25,7974,,5
1267,2024-06-25,1541,,5
8380,2024-06-25,8115,,3
3256,2024-06-25,1844,,1
8421,2024-06-25,2953,,5
4665,2024-06-25,6846,,1
7477,2024-06-25,10498,,2
5696,2024-06-25,7982,,3
2603,2024-06-25,7874,,1
8799,2024-06-25,5469,,1
4192,2024-06-25,3228,,1
9739,2024-06-25,5886,,2
1405,2024-06-25,7167,,1
3132,2024-06-25,7111,,5
9255,2024-06-25,9446,,5
3552,2024-06-25,5752,,5
7306,2024-06-25,4574,,5
1759,2024-06-25,7265,,5
7565,2024-06-25,3134,,1
5462,2024-06-25,7050,,1
6496,2024-06-25,5156,,1
5802,2024-06-25,9248,,1
9855,2024-06-25,3134,,1
2691,2024-06-25,4247,,1
9643,2024-06-25,2786,,1
6477,2024-06-25,10676,,5
3890,2024-06-25,2521,,1
498,2024-06-25,9170,,3
5949,2024-06-25,8370,,1
723,2024-06-25,10365,,5
4541,2024-06-25,5348,,5
5254,2024-06-25,9678,,5
7742,2024-06-25,9038,,1
9498,2024-06-25,5674,,1
7741,2024-06-25,2887,,1
9271,2024-06-25,2852,,5
6468,2024-06-25,8176,,2
8841,2024-06-25,6447,,1
4576,2024-06-25,11243,,3
443,2024-06-25,5166,,1
204,2024-06-25,9977,,5
7225,2024-06-25,5629,,5
5645,2024-06-25,11328,,5
372,2024-06-25,7695,,1
9679,2024-06-25,574,,1
3697,2024-06-25,313,,3
594,2024-06-25,8438,,5
6362,2024-06-25,2785,,1
3846,2024-06-25,2811,,1
62,2024-06-25,1326,,1
5296,2024-06-25,2102,,1
9836,2024-06-25,6980,,1
9101,2024-06-25,2432,,1
6749,2024-06-25,3423,,5
5778,2024-06-25,1278,,5
3771,2024-06-25,3283,,5
799,2024-06-25,10777,,1
3042,2024-06-25,5089,,1
2956,2024-06-25,7263,,1
8182,2024-06-25,8302,,1
8998,2024-06-25,10890,,1
2063,2024-06-25,10676,,2
2177,2024-06-25,4058,,5
6937,2024-06-25,9181,,5
5147,2024-06-25,8882,,1
877,2024-06-25,2488,,5
3630,2024-06-25,9290,,1
4263,2024-06-25,11328,,5
5070,2024-06-25,4522,,5
5272,2024-06-25,11864,,1
6507,2024-06-25,3705,,1
6054,2024-06-25,7263,,1
6062,2024-06-25,855,,1
8053,2024-06-25,8517,,1
8047,2024-06-25,10288,,5
1144,2024-06-25,10361,,1
6948,2024-06-25,9823,,5
9600,2024-06-25,6506,,5
2079,2024-06-25,7875,,1
8000,2024-06-25,9461,,1
2957,2024-06-25,5849,,1
8029,2024-06-25,1217,,5
1655,2024-06-25,324,,1
6590,2024-06-25,2424,,1
3343,2024-06-25,2355,,5
6275,2024-06-25,4629,,5
5818,2024-06-25,6908,,1
153,2024-06-25,10620,,1
8315,2024-06-25,9461,,1
7179,2024-06-25,1217,,5
2145,2024-06-25,6715,,5
215,2024-06-25,7167,,1
7824,2024-06-25,4433,,1
6678,2024-06-25,6833,,5
5345,2024-06-25,4902,,1
2713,2024-06-25,1217,,5
1922,2024-06-25,2548,,5
6946,2024-06-25,4536,,1
7661,2024-06-25,927,,1
389,2024-06-25,4902,,1
5122,2024-06-25,5324,,1
9346,2024-06-25,6790,,1
8084,2024-06-25,7899,,1
571,2024-06-25,1194,,5
5870,2024-06-25,10197,,5
7402,2024-06-25,9385,,5
944,2024-06-25,291,,1
532,2024-06-25,2626,,4
1894,2024-06-25,6578,,1
565,2024-06-25,6771,,5
4452,2024-06-25,8267,,1
6592,2024-06-25,8712,,1
3235,2024-06-25,2806,,5
7800,2024-06-25,10516,,1
5010,2024-06-25,5143,,1
4918,2024-06-25,4038,,1
4011,2024-06-25,4247,,1
1966,2024-06-25,6702,,1
4347,2024-06-25,5553,,5
2126,2024-06-25,1342,,1
4810,2024-06-25,1375,,1
4930,2024-06-25,174,,5
8980,2024-06-25,6466,795,1
5502,2024-06-25,997,,1
177,2024-06-25,11509,,5
6379,2024-06-25,8074,8993,1
2392,2024-06-25,1177,,5
7013,2024-06-25,1960,,5
9338,2024-06-25,8502,,1
822,2024-06-25,1165,,5
8100,2024-06-25,11026,,5
5248,2024-06-25,11517,,1
5786,2024-06-25,3161,,1
2812,2024-06-25,6316,,5
6460,2024-06-25,10053,,5
5115,2024-06-25,10593,,5
7333,2024-06-25,6953,,1
7173,2024-06-25,9878,,1
1126,2024-06-25,5761,,3
9056,2024-06-25,3874,,1
1784,2024-06-25,4529,,1
3936,2024-06-25,10915,,5
8897,2024-06-25,10846,,5
3838,2024-06-25,1336,,1
1832,2024-06-25,7175,,1
3147,2024-06-25,4480,,1
897,2024-06-25,2438,,1
5172,2024-06-25,6808,,1
777,2024-06-25,8379,,3
3946,2024-06-25,9459,,1
8954,2024-06-25,40,,1
4033,2024-06-25,11749,,5
7264,2024-06-25,1712,,5
8891,2024-06-25,4099,,5
6400,2024-06-25,7084,,4
293,2024-06-25,9446,,5
7546,2024-06-25,8379,,5
9675,2024-06-25,3695,,1
669,2024-06-25,3403,,1
3269,2024-06-25,1624,,2
9702,2024-06-25,2789,,1
9734,2024-06-25,4912,,1
8098,2024-06-25,2248,,1
6044,2024-06-25,9703,,1
3196,2024-06-25,9446,,5
6206,2024-06-25,5514,,1
4727,2024-06-25,9242,,5
2977,2024-06-25,1712,,5
5814,2024-06-25,2184,,1
5612,2024-06-25,2986,,5
1924,2024-06-25,3596,,1
5793,2024-06-25,706,,5
4628,2024-06-25,11376,8993,1
4164,2024-06-25,1059,,1
592,2024-06-25,3856,,5
4591,2024-06-25,4938,,1
4857,2024-06-25,9068,,5
4341,2024-06-25,2381,,1
7916,2024-06-25,8115,,1
8752,2024-06-25,8655,,5
4914,2024-06-25,3549,,1
4673,2024-06-25,8130,,1
6406,2024-06-25,6982,,1
6144,2024-06-25,5455,,5
3519,2024-06-25,8655,,3
4881,2024-06-25,930,,1
2285,2024-06-25,3368,,5
4776,2024-06-25,9385,,1
6969,2024-06-25,2700,,1
4887,2024-06-25,5189,,5
8778,2024-06-25,6355,,5
3232,2024-06-25,816,,1
3166,2024-06-25,6170,,1
774,2024-06-25,4334,,1
875,2024-06-25,1372,,1
6601,2024-06-25,4899,,1
3066,2024-06-25,11595,,5
681,2024-06-25,5362,,5
7563,2024-06-25,6982,,1
7781,2024-06-25,2700,,1
1798,2024-06-25,10272,,1
7729,2024-06-25,5042,,1
6544,2024-06-25,7502,,1
3514,2024-06-25,4904,,5
1423,2024-06-25,816,,1
3746,2024-06-25,656,,5
6734,2024-06-25,5205,,1
2234,2024-06-25,2811,,1
623,2024-06-25,8343,,1
6216,2024-06-25,10915,,2
8718,2024-06-25,9043,,1
7357,2024-06-25,2811,,1
316,2024-06-25,2498,,1
3199,2024-06-25,5884,,1
7746,2024-06-25,4194,,5
5736,2024-06-25,10378,,5
2631,2024-06-25,5268,,1
8254,2024-06-25,1966,,1
8386,2024-06-25,9855,,2
8997,2024-06-25,9855,,1
8715,2024-06-25,5193,,1
1468,2024-06-25,6112,,5
4384,2024-06-25,7656,,1
976,2024-06-25,9855,,1
1633,2024-06-25,1329,,1
3532,2024-06-25,2863,,1
2006,2024-06-25,386,,5
9766,2024-06-25,7403,,2
2401,2024-06-25,3277,,1
779,2024-06-25,816,,1
7561,2024-06-25,1672,,1
8924,2024-06-25,6749,,5
2819,2024-06-25,4529,,1
6149,2024-06-25,1005,,5
3169,2024-06-25,5854,,1
955,2024-06-25,5383,,1
900,2024-06-25,8913,,1
9224,2024-06-25,5844,,1
9062,2024-06-25,1122,,1
1713,2024-06-25,5579,,5
6226,2024-06-25,5854,,1
1345,2024-06-25,6650,,1
1404,2024-06-25,560,,3
937,2024-06-25,7854,,2
5200,2024-06-25,5849,,1
138,2024-06-25,8379,,5
2233,2024-06-25,1317,,5
9261,2024-06-25,3931,,5
7503,2024-06-25,495,,1
1823,2024-06-25,113,,1
5635,2024-06-25,7176,,1
1527,2024-06-25,6224,,2
3518,2024-06-25,10290,,1
9780,2024-06-25,4476,,1
4268,2024-06-25,4747,,1
8490,2024-06-25,4529,,1
2667,2024-06-25,5268,,1
6625,2024-06-25,394,,1
6224,2024-06-25,10126,,1
5544,2024-06-25,10365,,4
8027,2024-06-25,3970,,5
9110,2024-06-25,4780,,5
7389,2024-06-25,514,,1
2752,2024-06-25,2517,,5
9540,2024-06-25,7854,,5
5960,2024-06-25,142,,1
8210,2024-06-25,8506,,5
9013,2024-06-25,713,,1
338,2024-06-25,1278,,3
1947,2024-06-25,10192,,2
6676,2024-06-25,4800,,5
4326,2024-06-25,2306,,1
9075,2024-06-25,4250,,5
414,2024-06-25,2026,,5
9937,2024-06-25,5136,,5
1675,2024-06-25,11681,,1
2100,2024-06-25,2548,,5
8887,2024-06-25,688,,1
5737,2024-06-25,6370,,1
5581,2024-06-25,7250,,5
8495,2024-06-25,8343,,1
5857,2024-06-25,10121,,1
2867,2024-06-25,5327,,5
7374,2024-06-25,576,,1
6030,2024-06-25,11346,,1
7786,2024-06-25,8217,,1
5723,2024-06-25,119,,1
7410,2024-06-25,6181,,5
8461,2024-06-25,6697,,1
7608,2024-06-25,7010,,1
1472,2024-06-25,10970,,1
4409,2024-06-25,8125,,5
4875,2024-06-25,11635,,1
6926,2024-06-25,6146,,1
5541,2024-06-25,7156,,5
9221,2024-06-25,4194,,5
9433,2024-06-25,5327,,5
1647,2024-06-25,2418,,1
7336,2024-06-26,976,6327,1
5930,2024-06-26,1701,,3
4585,2024-06-26,5995,7564,1
8505,2024-06-26,7574,,3
562,2024-06-26,4242,,3
4039,2024-06-26,4232,9358,2
6869,2024-06-26,11115,,1
118,2024-06-26,3503,,3
516,2024-06-26,5666,,1
844,2024-06-26,11508,560,1
6370,2024-06-26,4397,585,4
9058,2024-06-26,4225,,3
4304,2024-06-26,6061,3043,2
9772,2024-06-26,9798,10790,1
8584,2024-06-26,9457,5182,1
8893,2024-06-26,3712,5399,1
803,2024-06-26,1718,6558,2
3966,2024-06-26,9656,8046,1
8501,2024-06-26,8623,,3
8267,2024-06-26,9088,9088,2
2277,2024-06-26,9088,,2
295,2024-06-26,826,9507,1
2535,2024-06-26,669,4287,1
3763,2024-06-26,5889,,1
8699,2024-06-26,9277,,1
8138,2024-06-26,2761,8366,1
459,2024-06-26,3007,,1
139,2024-06-26,10974,2892,1
1429,2024-06-26,1228,,5
2878,2024-06-26,1406,,3
7616,2024-06-26,8496,383,5
855,2024-06-26,3460,,1
528,2024-06-26,1301,8726,1
1797,2024-06-26,1207,6851,1
8233,2024-06-26,2847,,1
3717,2024-06-26,1123,,1
8494,2024-06-26,1866,,3
7320,2024-06-26,7468,,1
4227,2024-06-26,10168,2892,3
4713,2024-06-26,8367,,5
2166,2024-06-26,8623,,3
269,2024-06-26,1228,,5
8571,2024-06-26,6958,10148,1
4297,2024-06-26,3716,8761,3
644,2024-06-26,6102,,5
8628,2024-06-26,11821,,1
6058,2024-06-26,1444,1444,3
9802,2024-06-26,1444,1444,3
5142,2024-06-26,7989,,3
2717,2024-06-26,2750,10258,1
8357,2024-06-26,7240,10000,1
4156,2024-06-26,9681,8537,3
1430,2024-06-26,1012,4287,1
2208,2024-06-26,903,,1
6232,2024-06-26,10341,2892,1
6991,2024-06-26,5681,2892,5
7953,2024-06-26,9026,1744,3
3451,2024-06-26,10541,,1
1916,2024-06-26,2942,,3
5233,2024-06-26,3355,8537,1
9671,2024-06-26,4326,,3
4481,2024-06-26,10790,,1
7675,2024-06-26,269,,3
9161,2024-06-26,2730,,3
207,2024-06-26,8581,,1
3978,2024-06-26,4792,6393,3
7002,2024-06-26,5815,,1
9093,2024-06-26,678,2864,1
4057,2024-06-26,2672,,1
7486,2024-06-26,10199,2892,3
710,2024-06-26,6725,,1
2467,2024-06-26,2727,4287,1
4224,2024-06-26,5569,8726,1
4575,2024-06-26,318,5938,1
42,2024-06-26,7016,,1
9231,2024-06-26,318,5938,1
2225,2024-06-26,318,5938,1
1452,2024-06-26,8051,,3
8175,2024-06-26,11243,8276,1
9701,2024-06-26,734,3043,1
7054,2024-06-26,5231,8366,1
1585,2024-06-26,354,2892,1
9494,2024-06-26,454,8366,2
9992,2024-06-26,5368,,3
1091,2024-06-26,5837,8666,1
8579,2024-06-26,525,2892,1
1984,2024-06-26,1964,,1
5975,2024-06-26,1171,7408,3
5151,2024-06-26,4441,,3
4314,2024-06-26,1366,,5
6655,2024-06-26,2892,560,1
7164,2024-06-26,2256,3043,1
7405,2024-06-26,9391,,1
383,2024-06-26,2371,4287,1
4178,2024-06-26,9026,1744,3
1702,2024-06-26,1707,8851,5
236,2024-06-26,11543,8366,1
9467,2024-06-26,7682,3043,1
1216,2024-06-26,1547,,2
7586,2024-06-26,424,2892,1
4055,2024-06-26,4864,8537,1
707,2024-06-26,3556,2600,1
5436,2024-06-26,10199,8366,2
7659,2024-06-26,1512,2892,1
7521,2024-06-26,9553,8726,1
9077,2024-06-26,10647,,1
3579,2024-06-26,8822,8822,3
4110,2024-06-26,2639,8366,1
8909,2024-06-26,11326,,1
1198,2024-06-26,3219,,1
8502,2024-06-26,3778,7095,1
2338,2024-06-26,3722,,1
2489,2024-06-26,1121,4441,1
3596,2024-06-26,1259,,5
7241,2024-06-26,407,,1
9474,2024-06-26,1616,8537,3
3170,2024-06-26,562,8537,2
6827,2024-06-26,9088,,1
1274,2024-06-26,10367,,4
1734,2024-06-26,6905,8537,2
4259,2024-06-26,9088,,1
6012,2024-06-26,873,2892,3
9975,2024-06-26,10461,,1
359,2024-06-26,8851,,3
4398,2024-06-26,2059,,3
9357,2024-06-26,2310,,3
158,2024-06-26,9051,,1
4805,2024-06-26,1567,,1
4180,2024-06-26,6161,,1
7251,2024-06-26,4441,,3
1276,2024-06-26,6015,4287,5
3913,2024-06-26,8496,6406,5
7678,2024-06-26,7003,357,3
4926,2024-06-26,10810,,1
934,2024-06-26,10765,,1
9571,2024-06-26,9489,10148,1
5298,2024-06-26,6102,,5
6527,2024-06-26,5877,5877,5
9306,2024-06-26,2892,560,1
600,2024-06-26,4935,5182,1
6714,2024-06-26,5276,,3
7669,2024-06-26,9040,,1
792,2024-06-26,8161,,2
9900,2024-06-26,2059,,2
2406,2024-06-26,6062,10381,1
2842,2024-06-26,8878,8276,1
409,2024-06-26,6092,4556,1
2252,2024-06-26,7014,9904,3
3729,2024-06-26,5354,,3
7718,2024-06-26,3827,,1
3099,2024-06-26,5022,8023,1
4144,2024-06-26,9604,4498,1
5804,2024-06-26,10367,10922,4
5370,2024-06-26,2985,6263,5
9388,2024-06-26,10773,7355,1
4042,2024-06-26,1273,8726,1
5391,2024-06-26,10803,,1
8260,2024-06-26,2505,8537,1
4567,2024-06-26,4935,8537,1
6260,2024-06-26,6937,,4
9236,2024-06-26,11105,8537,1
2207,2024-06-26,8367,,5
1915,2024-06-26,7066,7066,1
8353,2024-06-26,8022,8537,1
6830,2024-06-26,1286,,2
2581,2024-06-26,1744,,1
6451,2024-06-26,4293,,5
1747,2024-06-26,3209,7386,1
8740,2024-06-26,10314,,1
9447,2024-06-26,5909,,1
2062,2024-06-26,5402,,1
3855,2024-06-26,10940,8726,1
3307,2024-06-26,8726,,1
1826,2024-06-26,7463,,1
9332,2024-06-26,1993,2869,3
6447,2024-06-26,3404,10148,1
4134,2024-06-26,720,1173,1
8270,2024-06-26,4596,,1
4919,2024-06-26,11784,,3
5137,2024-06-26,8657,8537,1
2381,2024-06-26,688,4287,1
2665,2024-06-26,10984,3019,1
1069,2024-06-26,10509,,3
26,2024-06-26,9315,,1
9842,2024-06-26,732,7464,1
6978,2024-06-26,2658,,3
2775,2024-06-26,732,8422,5
3586,2024-06-26,8719,,3
5019,2024-06-26,732,5182,1
692,2024-06-26,8581,,1
1559,2024-06-26,799,,1
9510,2024-06-26,10872,,3
6302,2024-06-26,5335,5335,2
4828,2024-06-26,3518,,1
3623,2024-06-26,732,8422,5
6726,2024-06-26,9256,,1
5214,2024-06-26,7596,,1
2400,2024-06-26,732,5182,1
27,2024-06-26,732,6851,1
3730,2024-06-26,1053,8537,1
4774,2024-06-26,968,,3
4754,2024-06-26,6753,8537,1
9111,2024-06-26,318,,1
2820,2024-06-26,8182,8366,5
5592,2024-06-26,732,8726,1
4819,2024-06-26,460,,1
5294,2024-06-26,732,6851,1
8802,2024-06-26,732,6851,1
8813,2024-06-26,881,,5
8730,2024-06-26,732,7095,1
6992,2024-06-26,732,6851,1
9914,2024-06-26,732,7095,1
5523,2024-06-26,732,5304,1
6108,2024-06-26,732,6851,1
6373,2024-06-26,732,7464,1
2788,2024-06-26,732,7095,1
1727,2024-06-26,732,6851,1
5092,2024-06-26,732,8885,1
1392,2024-06-26,4749,,1
8383,2024-06-26,732,7095,1
2701,2024-06-26,732,6851,1
531,2024-06-26,7021,,1
6695,2024-06-26,4896,4727,1
294,2024-06-26,244,8537,1
362,2024-06-26,9189,,1
5788,2024-06-26,8851,,3
3554,2024-06-26,10138,8537,4
33,2024-06-26,7066,,1
709,2024-06-26,8671,,1
3259,2024-06-26,2639,8537,3
1860,2024-06-26,6172,,1
2236,2024-06-26,7929,4039,5
6489,2024-06-26,1465,9736,1
9537,2024-06-26,5229,7647,5
5375,2024-06-26,4475,3335,1
4071,2024-06-26,3568,,1
9952,2024-06-26,376,8993,3
2461,2024-06-26,7386,,1
7358,2024-06-26,5938,,5
1003,2024-06-26,3085,173,1
8852,2024-06-26,318,,1
7617,2024-06-26,10094,,1
5639,2024-06-26,1817,,1
5559,2024-06-26,249,5355,3
4945,2024-06-26,9991,8671,1
985,2024-06-26,7743,8487,1
7952,2024-06-26,4225,,1
2824,2024-06-26,8051,,3
1567,2024-06-26,1845,1356,1
5265,2024-06-26,4398,,1
3210,2024-06-26,6654,8993,2
2249,2024-06-26,5675,,1
831,2024-06-26,6706,4225,1
7760,2024-06-26,7980,8726,1
2697,2024-06-27,1979,3237,1
9408,2024-06-27,438,,5
8444,2024-06-27,8331,,5
9184,2024-06-27,2239,,3
8392,2024-06-27,6191,,1
471,2024-06-27,304,5182,1
8681,2024-06-27,5560,,5
3564,2024-06-27,976,,1
45,2024-06-27,4545,4545,2
4418,2024-06-27,6958,10258,1
6019,2024-06-27,3512,9088,1
1525,2024-06-27,9067,6787,5
4851,2024-06-27,8496,1529,5
7095,2024-06-27,9048,2600,1
8450,2024-06-27,4147,,1
8169,2024-06-27,829,,1
5636,2024-06-27,4147,,1
2023,2024-06-27,4225,,3
9898,2024-06-27,10872,,3
5847,2024-06-27,1914,,1
5508,2024-06-27,5421,,3
3432,2024-06-27,7583,8726,1
780,2024-06-27,3708,,1
5478,2024-06-27,8826,10761,4
3148,2024-06-27,6789,6870,1
3278,2024-06-27,6870,6789,1
4764,2024-06-27,6899,1953,3
3476,2024-06-27,9622,,3
1403,2024-06-27,9838,,1
4633,2024-06-27,11671,,3
9826,2024-06-27,10532,,3
1309,2024-06-27,7198,10790,1
5803,2024-06-27,5039,,1
7939,2024-06-27,2659,,3
9641,2024-06-27,6102,,5
8758,2024-06-27,7729,,1
3733,2024-06-27,4575,7464,1
8631,2024-06-27,968,,3
5708,2024-06-27,55,7647,5
3039,2024-06-27,1608,,3
969,2024-06-27,6412,8276,5
66,2024-06-27,8367,,5
4138,2024-06-27,3098,5182,1
1371,2024-06-27,23,,1
5825,2024-06-27,3060,764,1
3433,2024-06-27,2704,7920,3
5280,2024-06-27,9455,1529,1
6018,2024-06-27,7684,3037,1
9770,2024-06-27,4515,5490,3
9920,2024-06-27,9002,9002,1
225,2024-06-27,2205,2892,1
1612,2024-06-27,2150,,3
344,2024-06-27,8367,,5
6157,2024-06-27,5632,,1
5620,2024-06-27,93,6102,3
5181,2024-06-27,1406,,3
994,2024-06-27,5903,,1
9155,2024-06-27,4970,4970,1
7289,2024-06-27,5056,,3
5190,2024-06-27,7976,9728,2
8438,2024-06-27,10313,,1
1022,2024-06-27,1239,6787,1
1040,2024-06-27,779,6787,1
9002,2024-06-27,8769,,1
4270,2024-06-27,5612,,3
1270,2024-06-27,7455,,1
2453,2024-06-27,1259,,5
4843,2024-06-27,10532,,3
5146,2024-06-27,4674,,2
9457,2024-06-27,2262,5304,1
6897,2024-06-27,2262,5184,1
7049,2024-06-27,8668,6364,5
5874,2024-06-27,7212,4287,1
2259,2024-06-27,7212,4287,1
3863,2024-06-27,7212,4287,1
8548,2024-06-27,7212,4997,1
8456,2024-06-27,7212,9281,1
2791,2024-06-27,7212,11380,1
919,2024-06-27,7212,4287,1
5131,2024-06-27,8787,8726,3
3794,2024-06-27,7212,4287,1
6338,2024-06-27,7212,4287,1
5978,2024-06-27,7212,4287,1
3201,2024-06-27,7212,4287,1
8,2024-06-27,2262,9117,1
3136,2024-06-27,2262,7464,1
2905,2024-06-27,7212,4287,1
4596,2024-06-27,7212,,1
5555,2024-06-27,2262,7711,1
2889,2024-06-27,1953,5760,1
156,2024-06-27,2262,5182,1
8510,2024-06-27,9576,7095,5
946,2024-06-27,2262,2997,1
3378,2024-06-27,2262,8051,1
5020,2024-06-27,2262,7647,1
7092,2024-06-27,2262,6851,1
8689,2024-06-27,2262,3019,1
4228,2024-06-27,2262,5182,1
5468,2024-06-27,6204,,4
1131,2024-06-27,9930,6787,1
1996,2024-06-27,2262,6851,1
8600,2024-06-27,2262,,1
7075,2024-06-27,5612,,3
9299,2024-06-27,3304,,1
2952,2024-06-27,9658,1958,1
5064,2024-06-27,4773,2160,1
2450,2024-06-27,7824,,1
1497,2024-06-27,9455,1529,1
8547,2024-06-27,11027,3237,1
5910,2024-06-27,7063,,1
6255,2024-06-27,6938,3237,1
5007,2024-06-27,5947,10148,1
3124,2024-06-27,10882,,4
5780,2024-06-27,7052,,3
8828,2024-06-27,5827,,3
8359,2024-06-27,7295,8537,1
1130,2024-06-27,11821,2160,1
3403,2024-06-27,11470,,5
9442,2024-06-27,7137,,2
2214,2024-06-27,11821,2997,1
6358,2024-06-27,2704,2912,1
7938,2024-06-27,4992,,3
3394,2024-06-27,8368,4131,1
688,2024-06-27,10119,,3
9996,2024-06-27,11598,1211,1
1618,2024-06-27,1183,,5
6967,2024-06-27,2912,2704,1
5965,2024-06-27,2062,,1
8711,2024-06-27,3319,10148,1
5799,2024-06-27,7396,11477,1
2110,2024-06-27,3897,,3
5816,2024-06-27,4131,8368,1
5050,2024-06-27,5245,,1
9241,2024-06-27,1207,2892,3
2139,2024-06-27,4260,,1
1207,2024-06-27,8368,4131,1
5456,2024-06-27,2329,,3
578,2024-06-27,560,,3
6017,2024-06-27,8702,,3
5974,2024-06-27,2329,,3
95,2024-06-27,2062,,1
1878,2024-06-27,6324,4457,1
2492,2024-06-27,7477,,3
7998,2024-06-27,3812,3812,3
6893,2024-06-27,7123,4957,1
931,2024-06-27,7784,,3
5364,2024-06-27,3374,,1
5688,2024-06-27,8367,,5
3567,2024-06-27,4529,,1
2307,2024-06-27,10532,,3
5403,2024-06-27,3503,,3
3632,2024-06-27,2059,,1
2115,2024-06-27,7965,383,1
5328,2024-06-27,11288,10024,3
3482,2024-06-27,4970,,1
7136,2024-06-27,1774,8366,3
4360,2024-06-27,1857,,1
3470,2024-06-27,7477,,3
8672,2024-06-27,5135,10148,1
285,2024-06-27,605,5182,1
6336,2024-06-27,5612,,3
591,2024-06-27,11550,,1
9092,2024-06-27,4529,,2
7650,2024-06-27,8471,10148,1
2436,2024-06-27,1297,,3
6122,2024-06-27,6688,,3
5642,2024-06-27,6690,6787,1
3336,2024-06-27,7739,3086,2
3444,2024-06-27,11821,,1
4554,2024-06-27,2647,,1
4015,2024-06-27,906,,1
3435,2024-06-27,3560,,3
1146,2024-06-27,4529,,1
1926,2024-06-27,4330,,1
196,2024-06-27,11339,8726,1
3214,2024-06-27,5040,5760,5
8263,2024-06-27,4071,,1
6930,2024-06-27,10707,2063,5
7739,2024-06-27,8035,,1
1151,2024-06-27,7957,,1
9407,2024-06-27,5320,1211,1
5385,2024-06-27,8496,10100,5
8644,2024-06-27,8367,,5
4188,2024-06-27,6265,,1
2082,2024-06-27,10351,,3
4675,2024-06-27,9972,,1
2021,2024-06-27,9517,,2
6354,2024-06-27,8496,3019,1
6050,2024-06-27,4618,6787,1
5150,2024-06-27,8919,,1
5038,2024-06-27,10912,,1
7907,2024-06-27,8496,3019,5
9730,2024-06-27,1574,,1
2490,2024-06-27,10057,2997,5
7125,2024-06-27,4880,,1
2324,2024-06-27,1427,11285,1
6273,2024-06-27,2216,,1
3194,2024-06-27,1923,8726,1
3820,2024-06-27,10223,4957,3
38,2024-06-27,3311,,1
306,2024-06-27,2371,5705,1
5183,2024-06-27,11285,,1
7068,2024-06-27,3473,,1
561,2024-06-27,1512,10148,1
2850,2024-06-27,5949,11443,5
8278,2024-06-27,1513,6602,5
4924,2024-06-27,9089,2063,5
9793,2024-06-27,900,2401,4
2016,2024-06-27,2235,,5
8361,2024-06-27,876,,1
7869,2024-06-27,8367,,4
8987,2024-06-27,3143,,3
6170,2024-06-27,4999,3237,1
7200,2024-06-27,5565,,2
7932,2024-06-27,10648,,1
2930,2024-06-27,5617,1440,1
4604,2024-06-27,8789,,1
1745,2024-06-27,6102,,5
4244,2024-06-27,31,7632,3
7359,2024-06-27,6135,,1
2525,2024-06-27,6703,,1
2444,2024-06-27,9210,,2
4247,2024-06-27,31,851,3
9258,2024-06-27,10461,8726,1
1071,2024-06-27,1513,6602,5
378,2024-06-27,8851,,3
3093,2024-06-27,2320,1211,1
3655,2024-06-27,9889,,2
2240,2024-06-27,3757,,3
8604,2024-06-27,8405,,3
4111,2024-06-27,11492,11607,1
4254,2024-06-27,4520,8276,1
3060,2024-06-27,4170,,1
1162,2024-06-27,7061,,1
7522,2024-06-27,5182,,1
8553,2024-06-27,8276,,3
4534,2024-06-27,8405,8405,3
9176,2024-06-27,11743,,3
1393,2024-06-27,7767,,1
6328,2024-06-27,11130,545,1
4892,2024-06-27,6560,10790,3
3716,2024-06-27,9136,,1
6268,2024-06-27,2577,,1
2684,2024-06-27,7030,6787,1
1634,2024-06-27,3814,,1
358,2024-06-27,7967,,1
7681,2024-06-27,8106,10148,1
3221,2024-06-27,1953,5760,1
7870,2024-06-27,634,2910,4
2722,2024-06-27,8726,,2
8088,2024-06-27,3518,,1
1056,2024-06-27,4575,,1
2618,2024-06-27,1953,4957,3
2907,2024-06-27,9529,,1
4438,2024-06-27,288,8726,1
5570,2024-06-27,8224,2098,5
2627,2024-06-27,5665,,3
4742,2024-06-27,4714,,1
5324,2024-06-27,3815,,3
3954,2024-06-27,874,,1
6724,2024-06-27,10420,,2
2265,2024-06-27,6819,8366,3
6574,2024-06-27,1953,9421,3
9140,2024-06-27,9928,,1
2570,2024-06-27,11543,743,1
7227,2024-06-27,430,,1
6914,2024-06-27,10285,,3
4086,2024-06-27,5282,,2
3742,2024-06-27,3381,7711,1
9547,2024-06-27,6172,,1
8726,2024-06-27,8726,,1
5550,2024-06-27,5594,6787,1
1159,2024-06-27,4906,,3
9570,2024-06-27,10899,6787,1
2083,2024-06-27,1502,4287,1
852,2024-06-27,5182,,1
9830,2024-06-27,6881,,1
4096,2024-06-27,4234,11429,1
605,2024-06-27,1011,3214,4
5575,2024-06-27,2489,,2
4202,2024-06-28,3610,9183,1
5067,2024-06-28,4254,,4
2524,2024-06-28,5546,,3
6506,2024-06-28,8851,,3
8465,2024-06-28,7003,4448,3
9001,2024-06-28,7003,9338,3
8710,2024-06-28,7003,2421,3
3302,2024-06-28,7003,4767,3
2118,2024-06-28,8496,10148,5
6919,2024-06-28,8496,10148,5
2836,2024-06-28,3560,,3
3429,2024-06-28,11248,29,3
1048,2024-06-28,2705,8487,1
2317,2024-06-28,1965,10420,5
8648,2024-06-28,8496,6835,1
9153,2024-06-28,6189,,1
8906,2024-06-28,607,,3
4161,2024-06-28,1994,2098,1
9446,2024-06-28,3350,,2
3332,2024-06-28,7640,,4
4936,2024-06-28,6708,,1
3358,2024-06-28,5677,,3
7388,2024-06-28,9059,8352,1
2158,2024-06-28,6098,3036,3
2075,2024-06-28,5677,,3
5212,2024-06-28,4039,,3
1948,2024-06-28,7161,121,3
9638,2024-06-28,2389,,3
6929,2024-06-28,1910,,1
2811,2024-06-28,10285,,3
9851,2024-06-28,11079,11079,1
5326,2024-06-28,8496,4287,5
7706,2024-06-28,11079,11079,1
2094,2024-06-28,7319,,3
1514,2024-06-28,3574,,3
9839,2024-06-28,499,,3
489,2024-06-28,3738,,1
8320,2024-06-28,499,,1
2053,2024-06-28,9059,10420,1
8289,2024-06-28,5641,,3
884,2024-06-28,105,,3
3347,2024-06-28,344,,5
9864,2024-06-28,5278,,3
3569,2024-06-28,10549,,1
3895,2024-06-28,2920,10148,4
5098,2024-06-28,6102,,5
78,2024-06-28,757,,1
4186,2024-06-28,9347,,1
5239,2024-06-28,5582,,1
5295,2024-06-28,8059,,4
1139,2024-06-28,1953,10690,3
951,2024-06-28,9113,,5
9673,2024-06-28,7339,1744,1
3774,2024-06-28,3376,,3
3695,2024-06-28,5783,,1
373,2024-06-28,11292,,1
9481,2024-06-28,2109,,3
417,2024-06-28,3557,,3
972,2024-06-28,476,,3
1623,2024-06-28,11162,4287,1
9463,2024-06-28,11162,4287,1
3031,2024-06-28,11162,6055,1
5824,2024-06-28,6083,10420,1
3633,2024-06-28,11162,10434,1
6888,2024-06-28,9772,,1
7559,2024-06-28,11162,10434,1
243,2024-06-28,11162,6795,1
8751,2024-06-28,11162,6795,1
552,2024-06-28,11162,6795,1
7795,2024-06-28,11162,9309,1
9035,2024-06-28,11162,11443,1
4786,2024-06-28,4560,10148,1
6533,2024-06-28,3556,10141,5
4184,2024-06-28,6102,,4
5743,2024-06-28,10148,,1
541,2024-06-28,462,,1
2340,2024-06-28,1301,8726,1
907,2024-06-28,7468,,1
1201,2024-06-28,3126,,3
1545,2024-06-28,4171,,1
3329,2024-06-28,11162,7027,1
7149,2024-06-28,11162,9183,1
494,2024-06-28,11162,5110,1
4563,2024-06-28,11162,8537,1
28,2024-06-28,7374,,3
7035,2024-06-28,9776,,3
124,2024-06-28,1935,,3
1828,2024-06-28,11162,4287,1
3965,2024-06-28,10074,,1
5351,2024-06-28,11162,5167,1
3788,2024-06-28,6426,10148,1
2574,2024-06-28,11162,5167,1
1631,2024-06-28,7498,4646,5
7017,2024-06-28,7424,6708,1
3848,2024-06-28,5565,,3
1479,2024-06-28,8374,,4
1550,2024-06-28,2837,,3
2853,2024-06-28,10638,,1
8487,2024-06-28,8562,3374,1
2751,2024-06-28,3544,3544,1
8566,2024-06-28,2059,,3
8615,2024-06-28,7007,2098,3
9055,2024-06-28,7540,9203,4
5484,2024-06-28,517,,3
706,2024-06-28,9144,,3
4703,2024-06-28,10055,2098,1
9974,2024-06-28,11154,,5
6221,2024-06-28,6335,4273,1
408,2024-06-28,7421,6787,3
4972,2024-06-28,2889,,1
843,2024-06-28,1608,,3
4483,2024-06-28,6102,,5
7914,2024-06-28,257,,1
4714,2024-06-28,2143,4273,1
1090,2024-06-28,5612,5612,3
4070,2024-06-28,8671,,3
2584,2024-06-28,10046,,3
5124,2024-06-28,3019,,3
6495,2024-06-28,8179,10148,1
127,2024-06-28,2474,5182,1
1949,2024-06-28,6343,,1
6841,2024-06-28,1594,,5
2650,2024-06-28,3319,,1
628,2024-06-28,1594,,5
9226,2024-06-28,833,,1
6115,2024-06-28,9376,2997,1
9087,2024-06-28,3736,,1
1741,2024-06-28,11296,,3
5482,2024-06-28,6070,2098,1
8593,2024-06-28,5228,10148,1
8159,2024-06-28,3992,5612,1
8317,2024-06-28,2635,,1
1869,2024-06-28,9376,8726,1
9268,2024-06-28,5612,,3
2456,2024-06-28,5968,,3
5748,2024-06-28,3992,10891,1
727,2024-06-28,9183,,3
466,2024-06-28,2098,,5
5374,2024-06-28,6239,,1
864,2024-06-28,5439,,1
7369,2024-06-28,5182,,4
1690,2024-06-28,10532,,3
5851,2024-06-28,10558,6787,1
1257,2024-06-28,10891,,3
7350,2024-06-28,5184,,3
1174,2024-06-28,10420,,3
6380,2024-06-28,9557,,3
8016,2024-06-28,5612,,3
1400,2024-06-28,5612,5612,5
3466,2024-06-28,10882,,4
6976,2024-06-28,2934,,3
348,2024-06-28,2150,,3
2798,2024-06-28,10462,,1
8572,2024-06-28,5705,,1
5170,2024-06-28,5877,,3
7818,2024-06-28,3360,,4
2339,2024-06-28,10810,,1
6397,2024-06-28,5612,,1
3497,2024-06-28,11784,,4
5595,2024-06-28,463,9621,1
7980,2024-06-28,5612,,2
8092,2024-06-28,5582,,1
7373,2024-06-28,2889,10148,1
4311,2024-06-28,9310,9310,3
7562,2024-06-28,6826,4498,1
3045,2024-06-28,3711,9816,3
5362,2024-06-28,1522,1522,3
7100,2024-06-28,10790,,3
6517,2024-06-28,10790,,3
4016,2024-06-28,1896,10790,3
1018,2024-06-28,6102,,5
2518,2024-06-28,6102,6102,5
3300,2024-06-28,4322,,3
2840,2024-06-28,6547,,2
1873,2024-06-28,4889,,5
9788,2024-06-28,1703,1744,1
1810,2024-06-28,10882,,5
8144,2024-06-28,6396,10148,1
174,2024-06-28,2307,,3
2112,2024-06-28,1023,,3
5105,2024-06-28,10074,,1
6383,2024-06-28,57,,3
6559,2024-06-28,11623,,3
3264,2024-06-28,10790,,1
475,2024-06-28,10027,10790,4
4093,2024-06-28,11850,10148,1
4401,2024-06-28,7634,5182,5
6498,2024-06-28,3251,,1
3804,2024-06-28,11039,,1
5471,2024-06-28,2452,4287,1
3687,2024-06-28,11481,,3
5888,2024-06-28,5200,,1
7532,2024-06-28,11718,5167,1
450,2024-06-28,9899,,1
896,2024-06-28,3995,8487,1
6917,2024-06-28,608,,2
682,2024-06-28,761,,3
4097,2024-06-28,9097,,1
8051,2024-06-28,10722,6787,5
4569,2024-06-28,2579,8726,1
9414,2024-06-28,6992,,3
1871,2024-06-28,3665,10521,1
9625,2024-06-28,10054,3374,2
8884,2024-06-28,1953,9713,1
9107,2024-06-28,9097,,1
146,2024-06-28,1512,3747,1
683,2024-06-28,2791,8273,5
8602,2024-06-28,3030,,1
7193,2024-06-28,11649,4498,1
8168,2024-06-28,11225,2160,1
6011,2024-06-28,5529,10790,1
3533,2024-06-28,9664,,1
280,2024-06-28,8059,,3
5616,2024-06-28,130,3237,1
837,2024-06-28,6102,,5
3019,2024-06-28,5166,5182,1
302,2024-06-28,5182,,3
6595,2024-06-28,1744,1744,2
504,2024-06-28,1744,1744,2
8330,2024-06-28,1744,1744,1
3487,2024-06-28,1744,,1
4871,2024-06-28,10790,10790,1
4844,2024-06-28,10395,1173,1
1135,2024-06-28,10790,,1
133,2024-06-28,1405,7095,1
8861,2024-06-28,3642,2892,1
9098,2024-06-28,5287,10401,1
3249,2024-06-28,7531,,1
7949,2024-06-28,2889,2889,1
9159,2024-06-28,7491,9183,1
1061,2024-06-28,2673,8313,4
793,2024-06-28,5495,,1
9059,2024-06-28,3632,,1
582,2024-06-28,2693,11729,3
3334,2024-06-28,3853,,3
5718,2024-06-29,10397,,5
8389,2024-06-29,7817,6851,5
2710,2024-06-29,4294,,3
8801,2024-06-29,7736,,1
8408,2024-06-29,548,3696,1
9833,2024-06-29,3665,7075,1
8114,2024-06-29,885,1374,1
529,2024-06-29,6102,,5
6384,2024-06-29,5461,7464,1
9789,2024-06-29,1443,,5
8229,2024-06-29,5182,,1
3047,2024-06-29,10541,4287,1
6313,2024-06-29,3889,7465,1
8580,2024-06-29,3042,5182,3
5383,2024-06-29,4678,,3
3801,2024-06-29,7295,11703,1
3152,2024-06-29,473,,3
2596,2024-06-29,2247,,5
3440,2024-06-29,4504,,5
7803,2024-06-29,6696,8046,3
4462,2024-06-29,1492,2892,1
6845,2024-06-29,3812,8050,3
6051,2024-06-29,7327,8046,1
9172,2024-06-29,6102,,5
8323,2024-06-29,4729,2063,5
3856,2024-06-29,3439,,2
7993,2024-06-29,10622,8993,1
2280,2024-06-29,3544,7647,4
7635,2024-06-29,11339,8993,1
6860,2024-06-29,9361,,3
1219,2024-06-29,11468,,3
2358,2024-06-29,10170,,3
4954,2024-06-29,7600,9183,1
5759,2024-06-29,5515,8993,1
9684,2024-06-29,10728,,3
3412,2024-06-29,8704,344,3
8054,2024-06-29,10724,3416,1
6402,2024-06-29,1927,,1
6007,2024-06-29,6102,,4
4868,2024-06-29,4101,,2
7622,2024-06-29,8493,,1
9048,2024-06-29,2096,7534,3
684,2024-06-29,1798,,3
4,2024-06-29,4797,125,1
8691,2024-06-29,1714,8993,4
3016,2024-06-29,5690,,4
277,2024-06-29,6364,,3
9885,2024-06-29,6502,8993,1
8680,2024-06-29,8559,8559,1
5781,2024-06-29,3992,8046,1
9044,2024-06-29,8822,8822,5
7891,2024-06-29,8051,,3
1200,2024-06-29,3992,10116,1
4095,2024-06-29,1444,1444,3
5617,2024-06-29,6400,,1
3270,2024-06-29,1016,8993,5
3920,2024-06-29,4093,8993,5
5377,2024-06-29,4973,,1
1722,2024-06-29,4093,,5
3613,2024-06-29,644,,1
9927,2024-06-29,11551,8993,1
9740,2024-06-29,2059,,1
7162,2024-06-29,2059,,1
6694,2024-06-29,1619,,3
9011,2024-06-29,2371,125,1
5774,2024-06-29,5416,8993,1
9909,2024-06-29,2371,8993,1
5325,2024-06-29,11310,,1
2315,2024-06-29,3572,,1
1116,2024-06-29,11840,5358,3
5175,2024-06-29,3003,8993,1
3456,2024-06-29,10010,4287,5
3385,2024-06-29,5420,,3
6037,2024-06-29,8091,5184,1
5538,2024-06-29,6214,9557,1
483,2024-06-29,4967,,3
7721,2024-06-29,9751,8046,1
3522,2024-06-29,10872,,3
4324,2024-06-29,2381,,1
3283,2024-06-29,8206,,3
4406,2024-06-29,956,,1
3515,2024-06-29,11364,,1
2396,2024-06-29,7647,,1
6179,2024-06-29,9512,,1
274,2024-06-29,10833,,1
9601,2024-06-29,3804,9183,1
3660,2024-06-29,7314,,1
5683,2024-06-29,6023,1689,5
129,2024-06-29,5960,,3
1771,2024-06-29,3610,9183,1
4573,2024-06-29,318,,1
4957,2024-06-29,8206,,4
6344,2024-06-29,3025,10148,1
3663,2024-06-29,3291,6708,1
8407,2024-06-29,3790,10148,3
1089,2024-06-29,10728,,3
6409,2024-06-29,11720,,3
4194,2024-06-29,7119,6851,1
3458,2024-06-29,3350,,1
6524,2024-06-29,7411,,1
3783,2024-06-29,8734,1084,1
8117,2024-06-29,2558,2558,1
8007,2024-06-29,10598,9664,1
4583,2024-06-29,6342,,1
4127,2024-06-29,6342,7534,1
6686,2024-06-29,9183,,3
3298,2024-06-29,653,,1
5372,2024-06-29,1610,,3
6662,2024-06-29,2489,,1
8041,2024-06-29,11128,,4
1611,2024-06-29,1186,10148,1
9486,2024-06-29,9064,,5
5187,2024-06-29,4678,,3
9284,2024-06-29,318,,1
1989,2024-06-29,11268,,1
7268,2024-06-29,318,,1
7725,2024-06-29,318,,1
1699,2024-06-29,318,,3
3549,2024-06-29,318,,1
1014,2024-06-29,4836,,3
1480,2024-06-29,6851,,1
7624,2024-06-29,29,,4
1762,2024-06-29,6499,,1
9933,2024-06-29,3042,11095,2
5741,2024-06-29,11649,1529,1
3401,2024-06-29,6039,,3
9204,2024-06-29,3350,,1
2872,2024-06-29,1523,,3
6607,2024-06-29,1264,,3
9047,2024-06-29,10934,,3
1039,2024-06-29,4997,,2
1462,2024-06-29,2717,,3
8451,2024-06-29,3818,5182,5
5080,2024-06-29,985,1084,1
1431,2024-06-29,8051,,3
9610,2024-06-29,7463,,3
1842,2024-06-29,7463,,3
9365,2024-06-29,10975,4287,1
4031,2024-06-29,10149,5617,1
7427,2024-06-29,6851,,1
9515,2024-06-29,3744,8537,1
7267,2024-06-29,7830,1084,1
2647,2024-06-29,487,,3
849,2024-06-29,6388,,1
1168,2024-06-29,3767,10790,3
3878,2024-06-29,9830,5182,5
161,2024-06-29,1222,4273,2
5166,2024-06-29,10940,11607,1
2689,2024-06-29,245,,1
436,2024-06-29,2268,,3
3125,2024-06-29,3539,8537,1
5554,2024-06-29,8206,,5
8344,2024-06-29,2628,,3
7384,2024-06-29,9425,,3
2670,2024-06-29,2881,4039,1
3277,2024-06-29,274,,3
1508,2024-06-29,5270,8537,1
381,2024-06-29,6102,,5
2133,2024-06-29,348,,5
3033,2024-06-29,8599,,5
9720,2024-06-29,7586,,4
2275,2024-06-29,3872,8537,1
5504,2024-06-29,10583,8537,1
3003,2024-06-29,1684,,3
8008,2024-06-29,7534,,4
8794,2024-06-29,5182,,1
1065,2024-06-29,3479,,1
7060,2024-06-29,6172,,1
5624,2024-06-29,10704,2250,1
6990,2024-06-29,10067,8537,1
7129,2024-06-29,3503,,3
9978,2024-06-29,9706,8537,1
2420,2024-06-29,11283,9621,1
2923,2024-06-29,1084,,1
6208,2024-06-29,9390,9088,1
5632,2024-06-29,11785,6463,1
2412,2024-06-29,9579,,1
4431,2024-06-29,11785,8537,1
130,2024-06-29,281,281,3
7778,2024-06-29,281,,3
3713,2024-06-29,989,,3
7518,2024-06-29,3092,,3
915,2024-06-29,1593,,3
318,2024-06-29,10201,,3
1883,2024-06-29,5406,,3
2184,2024-06-29,8736,,3
5505,2024-06-29,444,8537,1
2549,2024-06-29,11397,,3
8204,2024-06-29,2236,,3
7871,2024-06-29,4472,8537,1
8384,2024-06-29,42,,3
4157,2024-06-29,3511,,3
8245,2024-06-29,11668,,5
697,2024-06-29,4102,,3
7944,2024-06-29,5759,,5
9865,2024-06-29,10803,,1
2039,2024-06-29,3989,,3
4355,2024-06-29,2403,,3
249,2024-06-29,4021,,3
1827,2024-06-29,10803,,1
6083,2024-06-29,7438,,1
933,2024-06-29,5933,,3
6530,2024-06-29,2987,8537,1
4526,2024-06-29,7439,,3
3635,2024-06-29,10740,,3
5977,2024-06-29,5750,,3
7567,2024-06-29,8278,,3
5117,2024-06-29,3429,,3
6637,2024-06-29,309,,3
4380,2024-06-29,10136,,3
2113,2024-06-29,4225,,1
8103,2024-06-29,2419,,3
8153,2024-06-29,10884,,5
5722,2024-06-29,2239,,3
9358,2024-06-29,7586,,4
2699,2024-06-29,11647,10148,1
1875,2024-06-29,3075,,1
7219,2024-06-29,1682,,3
3472,2024-06-29,11051,,3
6526,2024-06-29,7209,,3
9477,2024-06-29,10218,4287,5
7728,2024-06-29,5301,8537,4
4101,2024-06-29,6970,8537,2
4822,2024-06-29,8991,,1
9475,2024-06-29,11299,8537,1
4769,2024-06-29,1989,,1
7004,2024-06-29,6276,6276,3
8947,2024-06-29,5847,5421,3
6829,2024-06-29,6358,,1
7348,2024-06-29,10046,,4
4531,2024-06-30,10296,7662,1
4773,2024-06-30,9634,7662,1
1316,2024-06-30,8698,7662,5
6865,2024-06-30,7251,7662,2
7113,2024-06-30,122,7662,5
3058,2024-06-30,2676,7662,1
9517,2024-06-30,7278,7662,2
5108,2024-06-30,2528,7662,5
6508,2024-06-30,11306,7662,4
8246,2024-06-30,10683,7662,1
6555,2024-06-30,1978,7662,1
8763,2024-06-30,2567,7662,1
5411,2024-06-30,4067,7662,1
3305,2024-06-30,10410,7662,1
5768,2024-06-30,3627,7662,1
5753,2024-06-30,974,7662,1
7828,2024-06-30,10705,7662,1
5332,2024-06-30,2989,7662,1
6898,2024-06-30,4067,7662,1
4476,2024-06-30,8096,7662,1
2422,2024-06-30,6748,7662,2
2257,2024-06-30,3275,7662,2
2405,2024-06-30,6264,7662,1
2516,2024-06-30,2567,7662,1
957,2024-06-30,10683,7662,1
1396,2024-06-30,3117,7662,1
9591,2024-06-30,4067,7662,1
5731,2024-06-30,4067,7662,1
9798,2024-06-30,4067,7662,1
8585,2024-06-30,8402,7662,1
9801,2024-06-30,9848,7662,1
5284,2024-06-30,7138,7662,1
2000,2024-06-30,9145,7662,1
5363,2024-06-30,8896,7662,1
1990,2024-06-30,961,7662,1
9599,2024-06-30,140,7662,5
5367,2024-06-30,11567,7662,1
2369,2024-06-30,1354,7662,1
8474,2024-06-30,1968,7662,3
3669,2024-06-30,8560,7662,5
4582,2024-06-30,4020,7662,1
9965,2024-06-30,10797,7662,1
5474,2024-06-30,1354,7662,1
4036,2024-06-30,8338,7662,1
6906,2024-06-30,140,7662,3
3455,2024-06-30,11664,7662,1
321,2024-06-30,3117,7662,1
6334,2024-06-30,7258,7662,1
7528,2024-06-30,203,7662,2
2948,2024-06-30,4526,7662,5
4344,2024-06-30,3117,7662,1
641,2024-06-30,4478,7662,1
2831,2024-06-30,1255,7662,1
5773,2024-06-30,8670,7662,1
1178,2024-06-30,2848,7662,1
6623,2024-06-30,8670,7662,1
6924,2024-06-30,11562,7662,1
5621,2024-06-30,8896,7662,1
1985,2024-06-30,9771,7662,2
6687,2024-06-30,964,7662,1
5628,2024-06-30,3218,7662,5
6246,2024-06-30,10529,7662,5
4615,2024-06-30,11291,7662,1
7515,2024-06-30,1510,7662,1
339,2024-06-30,5874,7662,1
9632,2024-06-30,10664,7662,1
406,2024-06-30,834,7662,2
9502,2024-06-30,8900,7662,3
1021,2024-06-30,9407,7662,5
5473,2024-06-30,964,7662,1
5195,2024-06-30,4426,7662,2
4333,2024-06-30,5874,7662,1
1122,2024-06-30,10816,7662,1
1389,2024-06-30,4486,7662,1
9956,2024-06-30,1571,7662,1
5119,2024-06-30,494,7662,1
6222,2024-06-30,3062,7662,4
3602,2024-06-30,8076,7662,1
1717,2024-06-30,9322,7662,3
4629,2024-06-30,11197,7662,1
9359,2024-06-30,11197,7662,1
2894,2024-06-30,9771,7662,1
2080,2024-06-30,11343,7662,1
7436,2024-06-30,702,7662,1
7967,2024-06-30,6619,7662,1
8078,2024-06-30,11343,7662,1
4730,2024-06-30,9407,7662,3
5935,2024-06-30,2352,7662,1
1561,2024-06-30,92,7662,1
5984,2024-06-30,10327,7662,1
1163,2024-06-30,8896,7662,1
8328,2024-06-30,4031,7662,1
2299,2024-06-30,4031,7662,1
791,2024-06-30,4031,7662,1
8376,2024-06-30,4231,7662,5
4213,2024-06-30,11197,7662,1
4350,2024-06-30,8656,7662,1
7055,2024-06-30,6962,7662,1
7346,2024-06-30,3946,7662,2
3218,2024-06-30,3587,7662,1
1932,2024-06-30,299,7662,1
1821,2024-06-30,1288,7662,1
3731,2024-06-30,10747,7662,5
2403,2024-06-30,7449,7662,1
4661,2024-06-30,11802,7662,2
2199,2024-06-30,3863,7662,1
4587,2024-06-30,11015,7662,5
8021,2024-06-30,6695,7662,2
308,2024-06-30,5879,7662,2
9257,2024-06-30,4654,7662,1
3891,2024-06-30,10175,7662,1
3172,2024-06-30,7622,7662,1
5626,2024-06-30,8655,7662,3
714,2024-06-30,1587,7662,3
8057,2024-06-30,1489,7662,1
5929,2024-06-30,10771,7662,5
4522,2024-06-30,6673,7662,3
404,2024-06-30,1489,7662,1
2578,2024-06-30,11741,7662,1
1590,2024-06-30,6069,7662,3
9421,2024-06-30,8483,7662,5
2545,2024-06-30,3207,7662,3
6585,2024-06-30,2719,7662,5
6667,2024-06-30,11865,7662,3
9460,2024-06-30,10776,7662,3
2137,2024-06-30,1601,7662,3
7619,2024-06-30,6744,7662,1
6390,2024-06-30,777,7662,1
5065,2024-06-30,8753,7662,1
9260,2024-06-30,1288,7662,3
9973,2024-06-30,8347,7662,3
1461,2024-06-30,2350,7662,5
8596,2024-06-30,10345,7662,1
3676,2024-06-30,10345,7662,1
8075,2024-06-30,7444,7662,1
7874,2024-06-30,4548,7662,3
9713,2024-06-30,6737,7662,5
7381,2024-06-30,5785,7662,1
1362,2024-06-30,8428,7662,3
1731,2024-06-30,10772,7662,3
5912,2024-06-30,10658,7662,1
2260,2024-06-30,2411,7662,1
2278,2024-06-30,6745,7662,2
9535,2024-06-30,3920,7662,5
2116,2024-06-30,4105,7662,5
6105,2024-06-30,1115,7662,1
1008,2024-06-30,4395,7662,2
4946,2024-06-30,11199,7662,2
4763,2024-06-30,1112,7662,2
8834,2024-06-30,9292,7662,2
8256,2024-06-30,592,7662,5
2514,2024-06-30,9058,7662,3
6317,2024-06-30,1948,7662,3
7094,2024-06-30,5990,7662,2
805,2024-06-30,1420,7662,1
6856,2024-06-30,2298,7662,2
7687,2024-06-30,2018,7662,1
6613,2024-06-30,2132,7662,5
8816,2024-06-30,506,7662,3
5346,2024-06-30,11311,7662,3
6751,2024-06-30,11060,7662,2
3805,2024-06-30,333,7662,2
3769,2024-06-30,9847,7662,3
4413,2024-06-30,8043,7662,5
2393,2024-06-30,4565,7662,2
71,2024-06-30,6964,7662,1
1112,2024-06-30,8043,7662,5
4610,2024-06-30,5398,7662,2
167,2024-06-30,7502,7662,3
8351,2024-06-30,5392,7662,3
1320,2024-06-30,870,7662,1
6391,2024-06-30,8743,7662,1
4245,2024-06-30,5047,7662,1
9924,2024-06-30,4351,7662,5
2152,2024-06-30,7235,7662,1
2484,2024-06-30,1836,7662,3
608,2024-06-30,4686,7662,1
7709,2024-06-30,4613,7662,3
8331,2024-06-30,1786,7662,3
2452,2024-06-30,6134,7662,4
1939,2024-06-30,4511,7662,1
9072,2024-06-30,319,7662,1
2572,2024-06-30,4958,7662,5
4209,2024-06-30,9283,7662,2
720,2024-06-30,6996,7662,3
4987,2024-06-30,6008,7662,2
3308,2024-06-30,6008,7662,1
525,2024-06-30,11314,7662,1
8907,2024-06-30,10192,7662,3
3865,2024-06-30,10630,7662,1
4958,2024-06-30,11809,7662,1
4552,2024-06-30,8267,7662,1
1783,2024-06-30,447,7662,3
5845,2024-06-30,6677,7662,3
2865,2024-06-30,11809,7662,1
3190,2024-06-30,7533,2744,2
8742,2024-06-30,5313,7662,1
7790,2024-06-30,4822,7662,3
6047,2024-06-30,4053,7662,3
2972,2024-06-30,11187,7662,1
2462,2024-06-30,9677,7662,2
6190,2024-06-30,1906,7662,4
5842,2024-06-30,4351,7662,1
7020,2024-06-30,9939,7662,1
6404,2024-06-30,2550,7662,2
5655,2024-06-30,9762,7662,3
5335,2024-06-30,9011,7662,1
2303,2024-06-30,7243,7662,3
8349,2024-06-30,10646,7662,3
7351,2024-06-30,2474,7662,1
7383,2024-06-30,3577,7662,2
8214,2024-06-30,1017,7662,1
3886,2024-06-30,7573,7662,5
3035,2024-06-30,6510,7662,5
7610,2024-06-30,4693,7662,1
7654,2024-06-30,1920,7662,5
4570,2024-06-30,6723,7662,5
1643,2024-06-30,9071,7662,5
6591,2024-06-30,7245,7662,3
4597,2024-06-30,10510,7662,3
6369,2024-06-30,4796,7662,5
4932,2024-06-30,8011,7662,1
1773,2024-06-30,2663,7662,2
370,2024-06-30,319,7662,5
9373,2024-06-30,1777,7662,4
9934,2024-06-30,10556,8537,1
619,2024-06-30,6376,7662,3
4362,2024-06-30,3215,7662,1
6106,2024-06-30,10890,7662,1
7611,2024-06-30,11484,7662,2
5288,2024-06-30,862,7662,2
8523,2024-06-30,815,7662,1
4504,2024-06-30,3434,7662,3
2494,2024-06-30,4627,7662,3
7139,2024-06-30,6541,7662,3
3609,2024-06-30,6102,7662,3
6092,2024-06-30,10598,7662,5
3531,2024-06-30,957,7662,2
4354,2024-06-30,10990,7662,1
8540,2024-06-30,5957,7662,2
2010,2024-06-30,6914,7662,1
2282,2024-06-30,411,7662,5
5305,2024-06-30,6670,7662,1
3193,2024-06-30,5052,7662,1
6715,2024-06-30,7345,7662,5
4255,2024-06-30,7313,7662,5
6027,2024-06-30,5001,7662,1
2380,2024-06-30,1319,7662,1
6123,2024-06-30,1149,7662,1
4455,2024-06-30,15,7662,1
4269,2024-06-30,10639,7662,1
2932,2024-06-30,9162,7662,1
9003,2024-06-30,10837,7662,1
6918,2024-06-30,1149,7662,1
4339,2024-06-30,9632,7662,5
7581,2024-06-30,1241,7662,1
7982,2024-06-30,9049,7662,1
2323,2024-06-30,10880,7662,4
3206,2024-06-30,11217,7662,1
9168,2024-06-30,9809,7662,1
1127,2024-06-30,5956,7662,1
3799,2024-06-30,1056,7662,1
340,2024-06-30,1450,7662,5
8912,2024-06-30,3011,7662,5
5354,2024-06-30,10135,7662,5
2587,2024-06-30,5956,7662,1
8937,2024-06-30,5888,7662,1
7431,2024-06-30,5717,7662,1
9196,2024-06-30,5956,7662,1
5979,2024-06-30,5888,7662,1
397,2024-06-30,10624,7662,1
5487,2024-06-30,11049,7662,1
4612,2024-06-30,2598,7662,1
5990,2024-06-30,3246,7662,1
2102,2024-06-30,5717,7662,1
5125,2024-06-30,1506,7662,1
9532,2024-06-30,3162,7662,3
4600,2024-06-30,7468,7662,1
866,2024-06-30,4417,7662,1
3463,2024-06-30,11049,7662,1
6223,2024-06-30,4558,7662,5
2806,2024-06-30,5822,7662,1
8707,2024-06-30,4891,7662,5
6288,2024-06-30,7044,7662,5
5962,2024-06-30,9273,7662,5
5733,2024-06-30,1394,7662,1
2361,2024-06-30,5687,7662,1
9492,2024-06-30,5052,7662,1
8971,2024-06-30,3190,7662,1
6891,2024-06-30,4612,7662,1
5512,2024-06-30,837,7662,1
9246,2024-06-30,1941,7662,2
4746,2024-06-30,7687,7662,1
7185,2024-06-30,10422,7662,2
4988,2024-06-30,3623,7662,1
6961,2024-06-30,9550,7662,2
2888,2024-06-30,10342,7662,1
4503,2024-06-30,6478,7662,1
6587,2024-06-30,10301,7662,5
5216,2024-06-30,4572,7662,1
5134,2024-06-30,1032,7662,1
9227,2024-06-30,8679,7662,1
5994,2024-06-30,1032,7662,1
4976,2024-06-30,1941,7662,1
2047,2024-06-30,8980,7662,1
1343,2024-06-30,304,7662,3
1858,2024-06-30,845,7662,1
9948,2024-06-30,813,7662,1
7720,2024-06-30,4297,7662,1
2538,2024-06-30,10323,7662,1
5740,2024-06-30,1751,7662,1
700,2024-06-30,5468,7662,1
8734,2024-06-30,4078,7662,2
9999,2024-06-30,9781,7662,2
2287,2024-06-30,6253,7662,1
9249,2024-06-30,2660,7662,1
2564,2024-06-30,2567,7662,1
1787,2024-06-30,1166,7662,3
5043,2024-06-30,8798,7662,3
201,2024-06-30,6508,7662,2
1339,2024-06-30,4080,7662,3
4973,2024-06-30,1871,7662,3
6804,2024-06-30,1796,7662,5
252,2024-06-30,9793,7662,3
1484,2024-06-30,10574,7662,1
3399,2024-06-30,6368,7662,1
4708,2024-06-30,7274,9342,1
3510,2024-06-30,1751,7662,5
3998,2024-06-30,2418,7662,1
79,2024-06-30,255,7662,3
8067,2024-06-30,5723,7662,2
3318,2024-06-30,3227,7662,1
8006,2024-06-30,7129,7662,1
3649,2024-06-30,9161,9161,4
8412,2024-06-30,8355,7662,1
9310,2024-06-30,10943,7662,1
2311,2024-06-30,10178,7662,2
8122,2024-06-30,9000,7662,1
1187,2024-06-30,9011,7662,1
2822,2024-06-30,9946,7662,2
3996,2024-06-30,8039,7662,1
3621,2024-06-30,5222,7662,1
4165,2024-06-30,3322,7662,1
4865,2024-06-30,1796,7662,1
356,2024-06-30,8949,7662,1
8591,2024-06-30,2030,7662,3
3800,2024-06-30,7076,7662,1
17,2024-06-30,5826,7662,3
9265,2024-06-30,10071,7662,1
4303,2024-06-30,3671,7662,2
1076,2024-06-30,2351,7662,5
7823,2024-06-30,5780,7662,5
7601,2024-06-30,3922,7662,1
5197,2024-06-30,4915,7662,1
9875,2024-06-30,8579,7662,2
7226,2024-06-30,255,7662,2
8032,2024-06-30,5561,7662,3
6470,2024-06-30,2233,7662,1
4387,2024-06-30,5780,7662,1
4447,2024-06-30,5626,7662,5
4453,2024-06-30,8872,7662,2
4920,2024-06-30,10813,7662,3
4781,2024-06-30,7126,7662,5
7680,2024-06-30,51,7662,5
1515,2024-06-30,1945,7662,1
8869,2024-06-30,9157,7662,1
8101,2024-06-30,928,7662,5
7385,2024-06-30,3795,7662,2
906,2024-06-30,4791,7662,5
5547,2024-06-30,3297,7662,2
4556,2024-06-30,6998,7662,2
4999,2024-06-30,633,7662,5
7307,2024-06-30,5468,7662,1
4894,2024-06-30,10378,7662,5
7295,2024-06-30,1099,7662,2
3694,2024-06-30,3322,7662,2
1803,2024-06-30,9908,7662,2
8238,2024-06-30,4362,7662,2
6021,2024-06-30,1931,7662,2
1015,2024-06-30,4751,7662,3
395,2024-06-30,5145,7662,1
2912,2024-06-30,4935,7662,1
9680,2024-06-30,4535,7662,5
6858,2024-06-30,9575,7662,2
9970,2024-06-30,5801,7662,1
1648,2024-06-30,9354,7662,5
4231,2024-06-30,10856,7662,5
580,2024-06-30,7668,7662,1
8576,2024-06-30,4052,7662,3
6420,2024-06-30,2862,7662,2
8390,2024-06-30,8573,7662,1
209,2024-06-30,6966,7662,5
8944,2024-06-30,9294,7662,5
4955,2024-06-30,8299,7662,1
5777,2024-06-30,3350,7662,2
4935,2024-06-30,5462,7662,1
2408,2024-06-30,3227,7662,1
4022,2024-06-30,6832,7662,3
8943,2024-06-30,3264,7662,1
205,2024-06-30,5145,7662,5
7407,2024-06-30,3227,7662,1
4010,2024-06-30,1197,7662,2
2910,2024-06-30,9011,7662,1
3495,2024-06-30,5145,7662,3
5627,2024-06-30,10071,7662,1
8188,2024-06-30,2175,7662,1
5309,2024-06-30,4180,7662,4
6577,2024-06-30,544,7662,5
6672,2024-06-30,5921,7662,3
5249,2024-06-30,5921,7662,3
9169,2024-06-30,11553,7662,2
9406,2024-06-30,4052,7662,1
517,2024-06-30,3552,7662,1
6142,2024-06-30,1585,7662,4
8709,2024-06-30,11844,7662,1
5322,2024-06-30,5433,7662,1
917,2024-06-30,2352,7662,2
527,2024-06-30,217,7662,1
9078,2024-06-30,8975,7662,1
9348,2024-06-30,9995,7662,1
6753,2024-06-30,8617,7662,1
6663,2024-06-30,4112,7662,1
9969,2024-06-30,10428,7662,1
4645,2024-06-30,8864,7662,5
7915,2024-06-30,7668,7662,1
3641,2024-06-30,2947,7662,3
3267,2024-06-30,5620,7662,2
3101,2024-06-30,10158,7662,1
5069,2024-06-30,473,7662,3
9877,2024-06-30,4140,7662,1
806,2024-06-30,2444,7662,5
8582,2024-06-30,8408,7662,1
1359,2024-06-30,6993,7662,2
7286,2024-06-30,2820,7662,3
6511,2024-06-30,3227,7662,1
9094,2024-06-30,9608,7662,1
7814,2024-06-30,2138,7662,5
7574,2024-06-30,3405,7662,1
1120,2024-06-30,10459,7662,1
8526,2024-06-30,10498,7662,1
5153,2024-06-30,10572,7662,1
1355,2024-06-30,4367,7662,1
7339,2024-06-30,16,7662,1
5006,2024-06-30,10653,7662,1
1956,2024-06-30,3379,7662,5
22,2024-06-30,5725,7662,1
6319,2024-06-30,9332,7662,1
2766,2024-06-30,2551,7662,5
9863,2024-06-30,2438,7662,3
4027,2024-06-30,2332,7662,1
9760,2024-06-30,9331,7662,1
6750,2024-06-30,7943,7662,1
1222,2024-06-30,4033,7662,1
5908,2024-06-30,11335,7662,1
421,2024-06-30,1617,4037,1
4451,2024-06-30,11093,7662,1
4967,2024-06-30,1402,7662,5
1381,2024-06-30,2567,7662,3
2517,2024-06-30,8381,7662,2
4063,2024-06-30,10392,7662,1
163,2024-06-30,4404,7662,1
1244,2024-06-30,10887,7662,5
6821,2024-06-30,11823,7662,1
2999,2024-06-30,32,7662,3
5154,2024-06-30,1097,7662,1
3922,2024-06-30,217,7662,3
7787,2024-06-30,5328,7662,1
8677,2024-06-30,3481,7662,2
9441,2024-06-30,8860,7662,3
5933,2024-06-30,1568,7662,2
6073,2024-06-30,5326,7662,1
846,2024-06-30,11236,7662,1
8610,2024-06-30,7838,7662,2
7777,2024-06-30,2030,7662,5
3349,2024-06-30,4266,7662,5
7999,2024-06-30,2814,7662,3
4793,2024-06-30,1309,7662,1
1971,2024-06-30,11521,7662,5
4499,2024-06-30,1403,7662,1
3953,2024-06-30,10994,7662,5
4381,2024-06-30,7205,7662,5
5056,2024-06-30,5651,7662,1
8276,2024-06-30,1491,7662,3
1938,2024-06-30,9036,7662,1
9658,2024-06-30,5310,7662,2
2866,2024-06-30,9168,7662,1
2973,2024-06-30,3681,7662,1
1660,2024-06-30,9168,7662,1
790,2024-06-30,2108,7662,3
3145,2024-06-30,5525,7662,1
1746,2024-06-30,3049,7662,1
5480,2024-06-30,10759,7662,2
6325,2024-06-30,7536,7662,5
7347,2024-06-30,9154,7662,3
5155,2024-06-30,10856,7662,1
1478,2024-06-30,9846,7662,1
5327,2024-06-30,2949,7662,2
8257,2024-06-30,9548,7662,2
5452,2024-06-30,10516,7662,3
6059,2024-06-30,678,8447,2
4200,2024-06-30,3577,7662,1
7921,2024-06-30,5310,7662,1
8830,2024-06-30,3681,7662,1
9203,2024-06-30,2443,7662,5
759,2024-06-30,9154,7662,1
8918,2024-06-30,8617,7662,3
8496,2024-06-30,9843,7662,1
3944,2024-06-30,7325,7662,3
1230,2024-06-30,11867,7662,5
9703,2024-06-30,10448,7662,1
6777,2024-06-30,6312,7662,1
7118,2024-06-30,7170,7662,5
871,2024-06-30,9527,7662,2
8411,2024-06-30,8018,7662,1
9065,2024-06-30,9331,7662,1
2293,2024-06-30,8878,7662,5
1327,2024-06-30,3366,7662,3
1694,2024-06-30,6638,7662,5
5084,2024-06-30,82,7662,3
902,2024-06-30,5433,7662,2
2720,2024-06-30,11094,7662,1
3373,2024-06-30,2622,7662,1
4346,2024-06-30,3915,7662,1
9567,2024-06-30,10888,7662,5
8563,2024-06-30,7186,7662,2
4757,2024-06-30,10278,7662,1
6521,2024-06-30,7990,7662,1
2350,2024-06-30,10278,7662,3
609,2024-06-30,9491,7662,1
5548,2024-06-30,9864,7662,2
3904,2024-06-30,1985,7662,5
7315,2024-06-30,6486,7662,1
6998,2024-06-30,6412,7662,1
64,2024-06-30,8876,7662,1
8305,2024-06-30,4424,7662,1
1750,2024-06-30,5310,7662,5
566,2024-06-30,4669,7662,1
4366,2024-06-30,10759,7662,1
7196,2024-06-30,496,7662,1
8755,2024-06-30,7864,7662,1
9069,2024-06-30,10888,7662,5
1594,2024-06-30,7174,7662,3
7936,2024-06-30,8333,7662,1
2399,2024-06-30,104,7662,2
736,2024-06-30,2460,7662,3
5834,2024-06-30,4380,7662,1
3157,2024-06-30,9165,7662,1
9119,2024-06-30,9165,7662,1
989,2024-06-30,6395,7662,2
3802,2024-06-30,10962,7662,5
5238,2024-06-30,11599,7662,3
4019,2024-06-30,9402,7662,2
3690,2024-06-30,11821,7662,2
4020,2024-06-30,9033,7662,2
9523,2024-06-30,6564,7662,2
3999,2024-06-30,11649,125,1
317,2024-06-30,2901,7662,1
8556,2024-06-30,1428,7662,1
9052,2024-06-30,8333,7662,1
6890,2024-06-30,10822,7662,1
968,2024-06-30,5914,7662,5
7285,2024-06-30,11837,7662,3
1837,2024-06-30,2521,7662,1
5724,2024-06-30,5369,7662,1
235,2024-06-30,8298,7662,1
4372,2024-06-30,2861,7662,1
6812,2024-06-30,4718,7662,2
9607,2024-06-30,11036,7662,4
2794,2024-06-30,6993,7662,1
5232,2024-06-30,9320,7662,1
7962,2024-06-30,2373,7662,1
5055,2024-06-30,10742,7662,2
1142,2024-06-30,1395,7662,3
6870,2024-06-30,8441,7662,1
7205,2024-06-30,1428,7662,1
4565,2024-06-30,9154,7662,1
8498,2024-06-30,5373,7662,3
9631,2024-06-30,304,7662,5
853,2024-06-30,11318,7662,3
3629,2024-06-30,4195,7662,1
9454,2024-06-30,830,7662,1
6594,2024-06-30,6900,7662,1
4559,2024-06-30,2279,7662,2
2268,2024-06-30,8943,7662,2
2995,2024-06-30,5549,7662,1
6727,2024-06-30,11304,7662,1
2186,2024-06-30,1243,7662,1
6476,2024-06-30,10809,7662,1
3808,2024-06-30,8823,7662,1
5173,2024-06-30,3675,7662,3
5342,2024-06-30,7107,7662,1
9919,2024-06-30,5234,7662,1
9847,2024-06-30,7442,7662,3
9745,2024-06-30,7910,7662,1
1606,2024-06-30,1407,7662,1
1840,2024-06-30,9293,7662,1
5820,2024-06-30,9171,7662,1
9546,2024-06-30,782,7662,1
5813,2024-06-30,8947,7662,1
4305,2024-06-30,6599,7662,1
399,2024-06-30,5209,7662,1
5687,2024-06-30,5935,7662,1
3894,2024-06-30,10464,7662,5
5969,2024-06-30,7528,7662,1
4557,2024-06-30,742,7662,1
7025,2024-06-30,9615,7662,1
6955,2024-06-30,449,7662,1
4235,2024-06-30,10585,7662,1
7496,2024-06-30,6461,7662,1
9100,2024-06-30,4285,7662,1
9154,2024-06-30,11802,7662,1
6640,2024-06-30,622,7662,5
5896,2024-06-30,11824,7662,1
9887,2024-06-30,9558,7662,5
6385,2024-06-30,4263,7662,1
5023,2024-06-30,5582,7662,1
5557,2024-06-30,1951,7662,1
7842,2024-06-30,10063,7662,3
1505,2024-06-30,5052,7662,1
2328,2024-06-30,8120,7662,1
426,2024-06-30,5618,7662,1
384,2024-06-30,10109,7662,1
5261,2024-06-30,2428,7662,1
3857,2024-06-30,11450,7662,1
2938,2024-06-30,6682,7662,5
7598,2024-06-30,4471,7662,4
616,2024-06-30,6175,7662,1
3903,2024-06-30,11510,7662,1
4035,2024-06-30,4947,7662,1
2437,2024-06-30,3578,7662,1
6549,2024-06-30,3342,7662,1
7364,2024-06-30,6565,7662,1
9665,2024-06-30,5836,7662,1
227,2024-06-30,9423,7662,5
5986,2024-06-30,4023,7662,1
2637,2024-06-30,3949,7662,1
8433,2024-06-30,6054,7662,1
3160,2024-06-30,6114,7662,1
4408,2024-06-30,6114,7662,1
366,2024-06-30,8526,7662,3
5483,2024-06-30,10823,7662,1
5090,2024-06-30,2050,7662,1
5890,2024-06-30,10815,7662,1
728,2024-06-30,2213,7662,1
2612,2024-06-30,106,7662,1
8074,2024-06-30,10823,7662,1
2767,2024-06-30,8107,7662,1
4846,2024-06-30,2538,7662,1
1487,2024-06-30,9233,7662,1
8288,2024-06-30,6009,7662,3
570,2024-06-30,9995,7662,1
46,2024-06-30,5527,7662,1
420,2024-06-30,5313,7662,1
4442,2024-06-30,6596,7662,5
4667,2024-06-30,7810,7662,1
3976,2024-06-30,7816,7662,1
8148,2024-06-30,11532,7662,5
4167,2024-06-30,1293,7662,1
9424,2024-06-30,3868,7662,5
5384,2024-06-30,4947,7662,1
932,2024-06-30,6625,7662,1
2162,2024-06-30,3153,7662,1
2988,2024-06-30,4261,7662,1
823,2024-06-30,11730,7662,3
6250,2024-06-30,8908,7662,1
3127,2024-06-30,9104,7662,5
1088,2024-06-30,255,7662,1
6416,2024-06-30,11482,7662,4
564,2024-06-30,4841,7662,1
9950,2024-06-30,9496,7662,5
5014,2024-06-30,10060,7662,1
5576,2024-06-30,9011,7662,1
220,2024-06-30,6314,7662,5
7175,2024-06-30,11557,7662,1
1318,2024-06-30,1410,7662,1
2903,2024-06-30,10636,7662,1
2774,2024-06-30,4443,7662,4
1754,2024-06-30,10605,7662,1
9267,2024-06-30,5059,7662,1
6913,2024-06-30,8039,7662,1
6376,2024-06-30,559,7662,5
7370,2024-06-30,3104,7662,1
3130,2024-06-30,2428,7662,1
7931,2024-06-30,10025,7662,5
7988,2024-06-30,10106,7662,5
4879,2024-06-30,7890,7662,1
9893,2024-06-30,8947,7662,1
5589,2024-06-30,9431,7662,1
9320,2024-06-30,1672,7662,1
7483,2024-06-30,1293,7662,1
8817,2024-06-30,3104,7662,1
5127,2024-06-30,1420,7662,1
9064,2024-06-30,8360,7662,1
5054,2024-06-30,9431,7662,1
224,2024-06-30,4708,7662,1
6925,2024-06-30,1420,7662,1
2515,2024-06-30,4946,7662,1
8913,2024-06-30,10200,7662,1
7540,2024-06-30,9329,7662,5
3935,2024-06-30,9565,7662,1
6778,2024-06-30,7189,7662,3
3338,2024-06-30,75,7662,1
4082,2024-06-30,3544,5631,4
2580,2024-06-30,6290,7662,1
424,2024-06-30,1315,7662,1
8797,2024-06-30,1462,3175,1
7877,2024-06-30,5836,7662,1
6087,2024-06-30,1686,7662,1
1659,2024-06-30,1109,7662,1
9097,2024-06-30,8360,7662,1
9850,2024-06-30,8688,7662,1
6553,2024-06-30,1462,818,1
4630,2024-06-30,7912,7662,1
5732,2024-06-30,1462,240,1
6210,2024-06-30,2213,7662,1
833,2024-06-30,9228,4287,1
9376,2024-06-30,10484,7662,1
2274,2024-06-30,1860,7662,1
6643,2024-06-30,1462,6099,1
7147,2024-06-30,3536,7662,1
4853,2024-06-30,3630,7662,5
6475,2024-06-30,690,7662,5
325,2024-06-30,7989,7662,3
9928,2024-06-30,1462,8993,1
5762,2024-06-30,1420,7662,1
4995,2024-06-30,10200,7662,1
8837,2024-06-30,7302,7662,1
8578,2024-06-30,4371,7662,1
9945,2024-06-30,7912,7662,1
6916,2024-06-30,3174,7662,1
5340,2024-06-30,6637,7662,1
5572,2024-06-30,11734,7662,1
8191,2024-06-30,2046,7662,1
9587,2024-06-30,1462,2829,1
1167,2024-06-30,3139,7662,1
1848,2024-06-30,11495,7662,1
9488,2024-06-30,1460,7662,1
3418,2024-06-30,3111,7662,1
3,2024-06-30,1420,7662,1
9377,2024-06-30,4824,7662,1
9311,2024-06-30,6637,7662,1
9558,2024-06-30,8393,7662,1
99,2024-06-30,7912,7662,1
8826,2024-06-30,11184,7662,1
3009,2024-06-30,8593,7662,1
5763,2024-06-30,9797,7662,4
4833,2024-06-30,8393,7662,1
9238,2024-06-30,4635,7662,1
3915,2024-06-30,8504,7662,1
3398,2024-06-30,3139,7662,1
9287,2024-06-30,568,7662,1
32,2024-06-30,7815,7662,1
9746,2024-06-30,5471,7662,1
8770,2024-06-30,3745,7662,1
2206,2024-06-30,3649,7662,1
8961,2024-06-30,10315,7662,1
3117,2024-06-30,4480,7662,1
9015,2024-06-30,7119,7662,1
7224,2024-06-30,1106,7662,1
195,2024-06-30,8360,7662,1
4622,2024-06-30,4056,7662,1
3246,2024-06-30,9171,7662,1
8285,2024-06-30,10642,7662,3
2342,2024-06-30,7912,7662,1
8115,2024-06-30,1407,7662,1
4547,2024-06-30,9995,7662,1
7963,2024-06-30,8687,7662,1
181,2024-06-30,6319,7662,5
554,2024-06-30,2564,7662,1
598,2024-06-30,3636,7662,1
140,2024-06-30,9539,7662,1
1024,2024-06-30,7378,7662,1
586,2024-06-30,8678,7662,1
8333,2024-06-30,7283,7662,1
966,2024-06-30,6377,7662,1
4083,2024-06-30,119,7662,1
5720,2024-06-30,9440,7662,1
6296,2024-06-30,7248,7662,5
4577,2024-06-30,7145,7662,1
8396,2024-06-30,1407,7662,1
3872,2024-06-30,9432,7662,5
1471,2024-06-30,8128,7662,5
5751,2024-06-30,2868,7662,1
979,2024-06-30,7248,7662,5
5787,2024-06-30,810,7662,5
8972,2024-06-30,6591,7662,1
3370,2024-06-30,1106,7662,1
4352,2024-06-30,7376,7662,1
1143,2024-06-30,8125,7662,3
9944,2024-06-30,7330,7662,5
6816,2024-06-30,7250,7662,5
4460,2024-06-30,2649,7662,1
5457,2024-06-30,990,7662,1
6850,2024-06-30,11557,7662,1
5543,2024-06-30,11422,7662,1
3322,2024-06-30,1407,7662,1
7822,2024-06-30,372,7662,5
7570,2024-06-30,5821,7662,1
940,2024-06-30,6192,7662,1
4044,2024-06-30,6091,7662,1
2185,2024-06-30,10571,7662,5
7215,2024-06-30,2451,7662,1
3180,2024-06-30,7650,7662,1
1580,2024-06-30,8337,7662,1
8690,2024-06-30,10373,7662,1
8178,2024-06-30,7806,7662,4
4607,2024-06-30,9758,7662,1
3626,2024-06-30,8371,7662,5
6408,2024-06-30,10503,7662,1
4800,2024-06-30,3327,7662,1
7595,2024-06-30,4972,7662,5
2465,2024-06-30,2072,7662,1
8650,2024-06-30,11275,7662,1
5028,2024-06-30,2368,7662,1
4807,2024-06-30,1534,7662,1
4078,2024-06-30,6114,7662,1
7276,2024-06-30,3503,7662,3
9578,2024-06-30,1315,7662,1
5161,2024-06-30,10770,7662,4
3231,2024-06-30,8224,7662,5
2605,2024-06-30,11135,7662,4
7293,2024-06-30,9264,7662,1
4265,2024-06-30,11079,7662,1
6348,2024-06-30,11060,7662,1
4940,2024-06-30,2564,7662,1
8009,2024-06-30,7771,7662,1
1082,2024-06-30,5510,7662,1
1105,2024-06-30,2094,7662,1
5681,2024-06-30,1667,7662,1
9063,2024-06-30,5600,7662,1
3529,2024-06-30,6175,7662,1
8986,2024-06-30,10933,7662,1
6960,2024-06-30,2774,7662,4
1158,2024-06-30,1315,7662,1
5666,2024-06-30,1719,7662,1
186,2024-06-30,8394,7662,1
6386,2024-06-30,9524,7662,1
257,2024-06-30,2808,7711,1
6194,2024-06-30,9524,7662,1
2834,2024-06-30,6967,7662,1
314,2024-06-30,5041,7662,1
867,2024-06-30,8923,7662,5
1825,2024-06-30,9462,7662,1
8449,2024-06-30,8533,7662,1
2309,2024-06-30,11104,7662,3
3371,2024-06-30,7091,7662,1
6928,2024-06-30,4849,7662,1
69,2024-06-30,5041,7662,1
1519,2024-06-30,8614,7662,1
9930,2024-06-30,890,7662,1
2439,2024-06-30,10636,7662,1
3982,2024-06-30,3083,7662,5
2183,2024-06-30,10131,7662,1
3885,2024-06-30,7886,7662,1
3263,2024-06-30,11648,7662,5
5866,2024-06-30,1634,7662,1
5095,2024-06-30,4221,7662,1
8685,2024-06-30,2840,7662,3
8306,2024-06-30,10639,7662,1
7901,2024-06-30,10856,7662,1
3022,2024-06-30,7555,8046,3
7733,2024-06-30,4024,7662,5
4391,2024-06-30,9344,7662,1
6068,2024-06-30,2558,7662,1
5399,2024-06-30,6054,7662,1
5522,2024-06-30,8332,7662,1
1152,2024-06-30,7683,7662,3
6448,2024-06-30,3453,7662,1
7282,2024-06-30,6114,7662,1
8242,2024-06-30,10061,7662,3
4335,2024-06-30,9677,7662,1
9755,2024-06-30,6114,7662,1
3426,2024-06-30,11079,7662,1
25,2024-06-30,3925,7662,4
7165,2024-06-30,8440,7662,1
9010,2024-06-30,6779,7662,1
1258,2024-06-30,5697,7662,1
1568,2024-06-30,4408,7662,1
784,2024-06-30,3890,7662,5
5481,2024-06-30,9126,7662,1
9741,2024-06-30,8174,7662,5
5139,2024-06-30,6525,7662,5
2510,2024-06-30,9191,7662,1
7618,2024-06-30,9905,7662,5
8839,2024-06-30,5951,7662,1
7536,2024-06-30,542,7662,1
5437,2024-06-30,7126,7662,1
3461,2024-06-30,11752,7662,1
3072,2024-06-30,5802,7662,1
8810,2024-06-30,3411,7662,1
7008,2024-06-30,2681,7662,4
222,2024-06-30,9344,7662,1
3826,2024-06-30,7084,7662,3
2810,2024-06-30,3604,7662,4
2264,2024-06-30,890,7662,1
2611,2024-06-30,9487,7662,1
535,2024-06-30,6117,7662,4
5579,2024-06-30,3495,7662,1
1715,2024-06-30,9236,7662,1
4416,2024-06-30,7956,7662,1
4854,2024-06-30,8695,7662,4
9292,2024-06-30,4655,7662,1
8231,2024-06-30,2887,7662,1
3146,2024-06-30,5015,7662,1
263,2024-06-30,10064,7662,3
1057,2024-06-30,10006,7662,5
7413,2024-06-30,955,7662,5
4059,2024-06-30,6378,7662,1
6701,2024-06-30,6668,7662,1
6713,2024-06-30,9111,7662,1
8920,2024-06-30,7755,7662,1
2357,2024-06-30,4218,7662,5
9636,2024-06-30,2621,7662,1
1714,2024-06-30,9737,7662,1
2536,2024-06-30,1064,7662,1
3485,2024-06-30,8981,7662,1
1920,2024-06-30,5986,7662,1
3049,2024-06-30,2380,7662,1
8844,2024-06-30,3682,7662,1
1763,2024-06-30,10625,7662,1
9345,2024-06-30,10625,7662,1
3560,2024-06-30,3227,7662,1
4337,2024-06-30,7091,7662,1
6204,2024-06-30,11110,7662,1
6266,2024-06-30,2309,7662,1
3840,2024-06-30,7091,7662,1
9549,2024-06-30,6674,7662,1
8705,2024-06-30,3759,7662,1
9763,2024-06-30,11737,7662,1
4814,2024-06-30,11701,7662,1
9998,2024-06-30,5430,7662,1
8010,2024-06-30,10625,7662,1
6251,2024-06-30,11701,7662,1
9220,2024-06-30,3722,7662,1
8983,2024-06-30,8981,7662,1
4155,2024-06-30,968,5421,2
2432,2024-06-30,6437,7662,5
3176,2024-06-30,6599,7662,1
2779,2024-06-30,6779,7662,1
4488,2024-07-01,9724,7662,1
7761,2024-07-01,1497,7662,3
6987,2024-07-01,520,7662,1
412,2024-07-01,2845,7662,1
5401,2024-07-01,6903,7662,1
9162,2024-07-01,6949,7662,1
815,2024-07-01,1947,7662,1
3988,2024-07-01,9559,7662,1
847,2024-07-01,1008,7662,5
519,2024-07-01,4662,7662,1
8823,2024-07-01,9599,7662,3
9742,2024-07-01,6201,7662,1
765,2024-07-01,6775,7662,3
6848,2024-07-01,9401,7662,3
2142,2024-07-01,10200,7662,5
4917,2024-07-01,6927,7662,1
6808,2024-07-01,7796,7662,1
7554,2024-07-01,11664,7662,3
134,2024-07-01,5530,7662,3
5950,2024-07-01,8021,7662,3
3985,2024-07-01,5255,7613,1
5485,2024-07-01,4228,7662,1
5551,2024-07-01,4228,7662,1
7886,2024-07-01,2233,7662,5
7994,2024-07-01,4686,7662,1
5652,2024-07-01,3030,7662,1
7249,2024-07-01,9426,7662,1
93,2024-07-01,8293,7662,1
6831,2024-07-01,2297,7662,2
9005,2024-07-01,7913,7662,1
2333,2024-07-01,5361,7662,2
9583,2024-07-01,4228,7662,1
8512,2024-07-01,6775,9436,1
5529,2024-07-01,9128,7662,1
8324,2024-07-01,6847,7662,3
6245,2024-07-01,10276,7662,1
3758,2024-07-01,2286,7662,1
6611,2024-07-01,5586,7662,2
435,2024-07-01,343,7662,1
6215,2024-07-01,9970,7662,1
8792,2024-07-01,5899,7662,1
6131,2024-07-01,305,7662,1
5081,2024-07-01,11420,7662,5
5703,2024-07-01,524,7662,1
4212,2024-07-01,10465,8726,1
8369,2024-07-01,2992,7662,1
3642,2024-07-01,3193,7662,2
3756,2024-07-01,7939,7662,1
5953,2024-07-01,9922,7662,5
1277,2024-07-01,4766,7662,1
10000,2024-07-01,2117,7662,5
88,2024-07-01,4914,7662,3
7902,2024-07-01,6711,9736,1
2366,2024-07-01,5943,7662,1
8073,2024-07-01,8834,7662,1
2678,2024-07-01,1126,7662,1
4313,2024-07-01,3781,7662,1
9247,2024-07-01,9404,7662,2
9223,2024-07-01,11077,7662,5
9662,2024-07-01,10071,7662,1
241,2024-07-01,6006,7662,2
3844,2024-07-01,3420,7662,3
2482,2024-07-01,9379,7662,2
8952,2024-07-01,7199,8584,5
6361,2024-07-01,3513,7662,5
7738,2024-07-01,1137,7662,5
9043,2024-07-01,4488,7662,2
6977,2024-07-01,1001,7662,1
9726,2024-07-01,2565,7662,2
2964,2024-07-01,2880,7662,5
8581,2024-07-01,5248,7662,1
472,2024-07-01,11616,7662,2
5439,2024-07-01,714,7662,1
1192,2024-07-01,10804,7662,1
1447,2024-07-01,403,7662,1
371,2024-07-01,3420,7662,1
1785,2024-07-01,7004,7662,2
3748,2024-07-01,2046,7662,2
2043,2024-07-01,5409,7662,5
5223,2024-07-01,6475,7662,2
2204,2024-07-01,3658,7662,5
2876,2024-07-01,9379,7662,3
1532,2024-07-01,10669,7662,2
391,2024-07-01,10650,7662,1
8881,2024-07-01,9481,7662,1
3215,2024-07-01,9843,7662,1
8012,2024-07-01,9484,7662,2
3702,2024-07-01,243,7662,2
1950,2024-07-01,2578,7662,2
7884,2024-07-01,6765,7662,1
5310,2024-07-01,3302,7662,2
121,2024-07-01,6963,7662,3
1477,2024-07-01,4874,7662,1
9336,2024-07-01,5693,7662,1
7468,2024-07-01,5678,7662,1
6016,2024-07-01,10572,7662,2
7421,2024-07-01,11043,7662,5
9576,2024-07-01,5678,7662,1
7534,2024-07-01,1293,7662,1
6411,2024-07-01,9942,7662,5
6445,2024-07-01,10732,7662,5
4913,2024-07-01,2685,7662,2
3002,2024-07-01,6656,7662,1
2341,2024-07-01,7138,7662,5
3295,2024-07-01,1558,7662,1
6560,2024-07-01,6447,7662,1
6248,2024-07-01,3811,7662,5
9981,2024-07-01,134,7662,3
4911,2024-07-01,1198,7662,1
2156,2024-07-01,3533,7662,2
441,2024-07-01,4330,7662,3
7220,2024-07-01,7114,7662,3
658,2024-07-01,1715,7662,5
4100,2024-07-01,11297,7662,3
7014,2024-07-01,10307,7662,2
6818,2024-07-01,5593,7662,1
3445,2024-07-01,8816,4287,1
7693,2024-07-01,1198,7662,3
7892,2024-07-01,1741,7662,2
1314,2024-07-01,10391,7662,1
48,2024-07-01,7204,7662,1
624,2024-07-01,410,7662,2
1885,2024-07-01,1190,7662,2
1765,2024-07-01,4191,7662,1
1890,2024-07-01,4264,7662,5
2425,2024-07-01,6006,7662,3
9201,2024-07-01,8293,7662,5
8536,2024-07-01,9613,7662,5
3116,2024-07-01,11156,7662,5
2426,2024-07-01,7685,7662,1
9918,2024-07-01,6530,7662,5
7679,2024-07-01,4014,7662,1
8873,2024-07-01,9207,7662,1
1772,2024-07-01,3391,7662,1
1599,2024-07-01,8730,7662,1
4836,2024-07-01,4950,7662,1
678,2024-07-01,4130,7662,1
9476,2024-07-01,5748,7662,1
6229,2024-07-01,10452,7662,1
596,2024-07-01,2794,7662,5
2174,2024-07-01,5017,7662,5
1377,2024-07-01,5523,7662,1
2723,2024-07-01,886,7662,1
8470,2024-07-01,11226,7662,1
7492,2024-07-01,213,7662,1
8142,2024-07-01,10960,7662,1
3237,2024-07-01,6416,7662,1
8724,2024-07-01,1489,7662,1
7605,2024-07-01,5203,7662,1
5754,2024-07-01,10572,7662,1
4378,2024-07-01,7180,7662,1
6174,2024-07-01,6556,7662,3
2617,2024-07-01,1083,7662,3
8513,2024-07-01,924,7662,5
2190,2024-07-01,1401,7662,1
1233,2024-07-01,904,7662,1
6419,2024-07-01,7107,7662,1
4671,2024-07-01,6122,7197,1
3956,2024-07-01,4682,7662,5
9117,2024-07-01,4178,7662,5
6819,2024-07-01,2180,7662,2
3883,2024-07-01,202,7662,2
3589,2024-07-01,5027,7662,1
1965,2024-07-01,7348,7662,1
7119,2024-07-01,9351,7662,1
8265,2024-07-01,11690,7662,5
4952,2024-07-01,7362,7662,1
5320,2024-07-01,11215,4287,1
8213,2024-07-01,9365,7662,1
9353,2024-07-01,3121,7662,1
2351,2024-07-01,1861,7662,1
1793,2024-07-01,4011,7662,1
2,2024-07-01,6158,7662,1
3468,2024-07-01,7157,7662,5
1910,2024-07-01,3075,9360,5
1834,2024-07-01,5034,10148,1
726,2024-07-01,8297,7662,1
8506,2024-07-01,7157,7662,1
4733,2024-07-01,3022,7662,1
9588,2024-07-01,2066,7662,3
1060,2024-07-01,1309,7662,2
1616,2024-07-01,7125,7662,1
6396,2024-07-01,9142,7662,5
7444,2024-07-01,8467,7662,1
5869,2024-07-01,2564,7662,2
1410,2024-07-01,7262,7662,3
5460,2024-07-01,1193,7662,1
869,2024-07-01,7125,7662,5
1641,2024-07-01,6163,7662,1
770,2024-07-01,8072,7662,1
198,2024-07-01,232,7662,1
1102,2024-07-01,9151,7662,2
1572,2024-07-01,2725,7662,5
8431,2024-07-01,9270,7662,1
959,2024-07-01,2534,7662,2
9803,2024-07-01,1560,7662,1
1153,2024-07-01,10741,7662,1
2896,2024-07-01,3470,7662,1
9137,2024-07-01,3066,7662,1
9387,2024-07-01,2872,7662,1
610,2024-07-01,10810,7662,1
1259,2024-07-01,1555,7662,1
12,2024-07-01,6114,7662,1
4323,2024-07-01,11406,7662,3
1206,2024-07-01,11406,7662,1
6239,2024-07-01,11533,7662,3
6249,2024-07-01,8394,7662,1
2614,2024-07-01,4824,7662,1
1141,2024-07-01,10741,7662,3
111,2024-07-01,10293,7662,1
1470,2024-07-01,4480,7662,2
5459,2024-07-01,521,7662,3
5902,2024-07-01,11416,7662,3
7430,2024-07-01,9937,7662,1
9443,2024-07-01,10572,7662,1
8418,2024-07-01,7133,7662,1
9816,2024-07-01,5401,7662,1
126,2024-07-01,8871,7662,1
9291,2024-07-01,1048,7662,1
3056,2024-07-01,10021,7662,1
5011,2024-07-01,8227,7662,1
1188,2024-07-01,10730,7662,1
1326,2024-07-01,8933,7662,3
2748,2024-07-01,1693,7662,2
7510,2024-07-01,6814,7662,1
8424,2024-07-01,8917,7662,1
2033,2024-07-01,590,7662,3
7242,2024-07-01,8563,7662,1
3070,2024-07-01,9945,7662,1
1551,2024-07-01,11023,7662,1
6696,2024-07-01,7685,7662,2
842,2024-07-01,1372,7662,2
2200,2024-07-01,11690,7662,1
9455,2024-07-01,7741,7662,2
7881,2024-07-01,9609,7662,1
6433,2024-07-01,10627,7662,1
1978,2024-07-01,7462,9437,1
6186,2024-07-01,2499,7662,5
9593,2024-07-01,10572,7662,1
6259,2024-07-01,186,7662,1
7542,2024-07-01,1555,7662,3
4873,2024-07-01,347,7662,1
4386,2024-07-01,2222,7662,1
6586,2024-07-01,11602,7662,5
1432,2024-07-01,3379,7662,3
53,2024-07-01,10851,7662,2
7997,2024-07-01,1472,7662,5
7913,2024-07-01,7933,7662,1
3534,2024-07-01,6877,7662,1
3502,2024-07-01,6042,7662,1
7484,2024-07-01,8063,7662,1
36,2024-07-01,10542,7662,1
8573,2024-07-01,9009,7662,5
5358,2024-07-01,8960,7662,1
6378,2024-07-01,9594,7662,2
3085,2024-07-01,243,7662,1
5104,2024-07-01,979,7662,1
7759,2024-07-01,77,9621,3
7208,2024-07-01,4100,7662,3
2368,2024-07-01,5963,7662,1
6308,2024-07-01,8739,7662,1
8468,2024-07-01,2357,7662,3
2590,2024-07-01,10627,7662,1
7523,2024-07-01,8275,7662,1
2744,2024-07-01,2641,7662,1
5091,2024-07-01,9519,7662,1
1542,2024-07-01,2709,7662,1
8062,2024-07-01,3877,7662,5
131,2024-07-01,9991,7662,3
72,2024-07-01,8393,7662,1
746,2024-07-01,11446,7662,1
9253,2024-07-01,1894,7662,1
6689,2024-07-01,7539,7662,1
3735,2024-07-01,5300,7662,1
5386,2024-07-01,6308,7662,3
965,2024-07-01,7242,7662,1
7106,2024-07-01,114,7662,5
1744,2024-07-01,3235,7662,1
8235,2024-07-01,9733,7662,1
8086,2024-07-01,4513,7662,3
6484,2024-07-01,6070,7662,1
4261,2024-07-01,11218,7662,1
998,2024-07-01,11525,7662,1
1302,2024-07-01,475,7662,5
1888,2024-07-01,4672,7662,5
1724,2024-07-01,9538,7662,5
7409,2024-07-01,5402,7662,5
7849,2024-07-01,380,7662,3
380,2024-07-01,2381,7662,5
8355,2024-07-01,3139,7662,5
3585,2024-07-01,8935,7662,2
6972,2024-07-01,2625,7662,1
8577,2024-07-01,2339,7662,5
1891,2024-07-01,3412,7662,5
112,2024-07-01,9519,7662,1
6003,2024-07-01,7279,7662,1
8068,2024-07-01,3411,7662,3
7194,2024-07-01,5096,7662,3
3481,2024-07-01,5680,7662,1
418,2024-07-01,5799,7662,1
7269,2024-07-01,11218,7662,1
7148,2024-07-01,6111,7662,3
4006,2024-07-01,8413,7662,1
1254,2024-07-01,9787,7662,5
9130,2024-07-01,5242,7662,2
1218,2024-07-01,6646,7662,1
4443,2024-07-01,2521,7662,1
6514,2024-07-01,4372,7662,2
6523,2024-07-01,335,7662,1
315,2024-07-01,7370,7662,5
2394,2024-07-01,11683,7662,1
850,2024-07-01,1046,8584,1
6195,2024-07-01,3760,7662,1
8749,2024-07-01,1319,7662,3
1808,2024-07-01,2372,7662,1
7905,2024-07-01,6814,7662,5
96,2024-07-01,10673,7662,1
4433,2024-07-01,6351,7662,2
4528,2024-07-01,8640,7662,1
567,2024-07-01,5314,7662,5
7908,2024-07-01,2431,7662,1
7745,2024-07-01,2692,7662,2
2652,2024-07-01,2151,7662,1
9612,2024-07-01,9450,7662,1
7844,2024-07-01,11772,7662,1
8198,2024-07-01,9771,7662,3
6563,2024-07-01,8356,7662,1
2729,2024-07-01,5674,7662,1
3243,2024-07-01,6002,7662,1
8723,2024-07-01,3293,7662,2
7656,2024-07-01,9321,7662,1
693,2024-07-01,5925,7662,2
7637,2024-07-01,2140,7662,1
7724,2024-07-01,2041,7662,1
6710,2024-07-01,856,7662,1
3928,2024-07-01,1435,7662,1
2962,2024-07-01,2964,7662,1
9559,2024-07-01,7210,7662,1
6469,2024-07-01,606,7662,5
8818,2024-07-01,209,7662,1
1492,2024-07-01,11264,7662,1
6353,2024-07-01,2091,7662,5
2653,2024-07-01,5300,7662,2
8678,2024-07-01,8640,7662,1
4258,2024-07-01,10653,7662,1
6797,2024-07-01,209,7662,2
5728,2024-07-01,572,7662,5
1428,2024-07-01,2696,7662,1
3888,2024-07-01,3227,7662,1
8982,2024-07-01,2241,7662,1
8923,2024-07-01,11772,7662,1
7261,2024-07-01,815,7662,5
7987,2024-07-01,6070,7662,1
3023,2024-07-01,48,7662,1
2409,2024-07-01,8905,7662,1
8608,2024-07-01,728,7662,2
5567,2024-07-01,10817,7662,1
3684,2024-07-01,10708,7662,1
8688,2024-07-01,11377,7662,2
4220,2024-07-01,8792,10761,1
6621,2024-07-01,5044,7662,2
1391,2024-07-01,10511,7662,5
1348,2024-07-01,455,7662,5
950,2024-07-01,1251,7662,5
661,2024-07-01,5956,8537,1
183,2024-07-01,8655,7662,5
2879,2024-07-01,9583,7662,1
8080,2024-07-01,4393,7662,2
4787,2024-07-01,11096,2829,1
7102,2024-07-01,4368,3192,2
9913,2024-07-01,8543,7662,1
3715,2024-07-01,4393,7662,1
2559,2024-07-01,10357,7662,1
3646,2024-07-01,1320,7662,1
8151,2024-07-01,10730,7662,1
9867,2024-07-01,2640,7662,1
5445,2024-07-01,7309,7662,1
1565,2024-07-01,3858,7662,1
7763,2024-07-01,1511,7662,5
4718,2024-07-01,7048,7662,5
4317,2024-07-01,8462,8726,1
650,2024-07-01,1981,7662,1
3257,2024-07-01,10033,7662,1
6252,2024-07-01,7288,7662,5
9905,2024-07-01,2752,7662,1
9595,2024-07-01,6949,7662,1
4903,2024-07-01,1891,7662,1
7613,2024-07-01,318,7662,1
8183,2024-07-01,11513,7662,1
3719,2024-07-01,4159,7662,3
8607,2024-07-01,5062,7662,3
9602,2024-07-01,1152,7662,3
7052,2024-07-01,6234,7662,1
2777,2024-07-01,6260,7662,1
3925,2024-07-01,2094,7662,2
313,2024-07-01,6517,7662,3
9276,2024-07-01,6471,7662,1
2544,2024-07-01,3661,5778,5
5032,2024-07-01,596,7662,1
3326,2024-07-01,9001,7662,2
8552,2024-07-01,11513,7662,1
6283,2024-07-01,1652,7662,1
6119,2024-07-01,1808,7662,2
8957,2024-07-01,11390,7662,2
5981,2024-07-01,6970,10401,1
3959,2024-07-01,1446,7662,1
4373,2024-07-01,4053,7662,5
5352,2024-07-01,1663,7662,1
4365,2024-07-01,1300,7662,5
3303,2024-07-01,7177,7662,1
8363,2024-07-01,1501,7662,5
7319,2024-07-01,1501,7662,5
5307,2024-07-01,1501,7662,5
6340,2024-07-01,1501,7662,3
5839,2024-07-01,1501,7662,4
8862,2024-07-01,1501,7662,5
9787,2024-07-01,1501,7662,5
1331,2024-07-01,1501,7662,5
8683,2024-07-01,11174,7662,1
8622,2024-07-01,4610,7662,1
1622,2024-07-01,5282,7662,1
2215,2024-07-01,6681,7662,1
2074,2024-07-01,6751,7662,1
2909,2024-07-01,2778,7662,1
60,2024-07-01,3824,7662,1
4199,2024-07-01,9861,7662,1
1595,2024-07-01,9416,7662,5
4080,2024-07-01,5016,7662,1
4183,2024-07-01,8438,7662,1
8509,2024-07-02,10652,7662,3
6177,2024-07-02,3982,7662,3
1919,2024-07-02,7409,7662,1
15,2024-07-02,10827,7662,3
5596,2024-07-02,377,7662,3
8766,2024-07-02,4253,7662,3
7403,2024-07-02,8900,7662,1
1953,2024-07-02,2880,7662,3
3355,2024-07-02,9487,7662,3
6072,2024-07-02,8539,7662,3
2993,2024-07-02,1033,7662,3
6654,2024-07-02,7095,7662,3
663,2024-07-02,11447,7662,1
6964,2024-07-02,2812,7662,1
1118,2024-07-02,11689,7662,2
8199,2024-07-02,10280,7662,2
6270,2024-07-02,2407,7662,5
5757,2024-07-02,6743,7662,2
9429,2024-07-02,8925,7662,2
9910,2024-07-02,1340,7662,2
7089,2024-07-02,7645,3521,1
9417,2024-07-02,5612,7662,2
3457,2024-07-02,5776,7662,5
568,2024-07-02,10087,7662,1
6795,2024-07-02,6074,7662,1
6838,2024-07-02,2876,7662,5
7018,2024-07-02,10919,3392,4
4896,2024-07-02,11560,7662,5
5292,2024-07-02,8069,7662,1
5410,2024-07-02,2460,7662,3
2902,2024-07-02,1493,7662,3
6835,2024-07-02,3147,7662,5
3097,2024-07-02,10335,7662,2
530,2024-07-02,2331,7662,3
4310,2024-07-02,938,7662,1
3724,2024-07-02,8496,1374,5
8795,2024-07-02,5659,7662,5
4403,2024-07-02,2827,7662,5
7197,2024-07-02,6484,7662,1
1520,2024-07-02,2071,7662,1
8104,2024-07-02,4159,7662,1
7460,2024-07-02,3754,7662,1
4614,2024-07-02,3370,7662,4
4284,2024-07-02,3217,7662,1
2125,2024-07-02,6581,7662,1
9994,2024-07-02,4115,7662,1
8022,2024-07-02,2827,4287,5
3234,2024-07-02,8790,7662,1
8341,2024-07-02,10785,7662,1
5654,2024-07-02,931,7662,3
4756,2024-07-02,6613,9356,3
7711,2024-07-02,2336,7662,2
4489,2024-07-02,8069,7662,3
8166,2024-07-02,2033,7662,1
3352,2024-07-02,9497,7662,1
887,2024-07-02,9178,7662,1
2783,2024-07-02,3919,7662,1
4120,2024-07-02,5668,7662,1
4278,2024-07-02,6129,7662,1
9016,2024-07-02,11513,7662,3
347,2024-07-02,11095,3042,4
9331,2024-07-02,11095,5315,4
1165,2024-07-02,7370,7662,3
4598,2024-07-02,2906,7662,1
8700,2024-07-02,6589,7662,1
9557,2024-07-02,10541,7662,1
5769,2024-07-02,6636,7662,3
2846,2024-07-02,9291,7662,3
1730,2024-07-02,5939,7662,4
6103,2024-07-02,648,7662,3
1242,2024-07-02,7908,7662,2
4482,2024-07-02,905,7662,1
4223,2024-07-02,2739,7662,3
7472,2024-07-02,5005,7662,3
8702,2024-07-02,1412,7662,1
3803,2024-07-02,2006,7662,1
1779,2024-07-02,1179,7662,3
6942,2024-07-02,1393,7662,1
1124,2024-07-02,9614,8897,3
3254,2024-07-02,813,7662,3
5518,2024-07-02,9323,7662,3
6999,2024-07-02,9737,7662,3
2178,2024-07-02,6209,7662,1
6421,2024-07-02,5785,7662,1
7308,2024-07-02,3248,7662,2
1096,2024-07-02,5166,7662,3
9984,2024-07-02,9690,7662,3
9598,2024-07-02,9230,7662,3
6277,2024-07-02,11588,7662,3
7755,2024-07-02,10329,7662,3
9185,2024-07-02,4740,7662,3
8499,2024-07-02,2641,7662,3
4643,2024-07-02,8616,7662,3
8155,2024-07-02,7556,7662,1
264,2024-07-02,9185,7095,1
4530,2024-07-02,6094,7662,3
593,2024-07-02,6681,7662,3
2077,2024-07-02,3186,7662,3
3292,2024-07-02,5282,7662,3
3557,2024-07-02,5032,7662,1
9663,2024-07-02,8883,7662,1
1115,2024-07-02,5319,7662,1
6722,2024-07-02,5650,7662,1
8416,2024-07-02,2747,7662,1
5266,2024-07-02,8255,7662,1
3614,2024-07-02,11428,7662,3
8722,2024-07-02,8147,7662,1
9150,2024-07-02,2820,7662,3
3500,2024-07-02,8147,7662,1
4982,2024-07-02,8147,7662,1
2193,2024-07-02,8147,7662,1
3424,2024-07-02,5650,7662,1
2013,2024-07-02,5650,7662,1
8040,2024-07-02,10993,7662,1
8668,2024-07-02,10979,7662,3
1574,2024-07-02,6100,4441,5
8880,2024-07-02,6677,7662,3
7557,2024-07-02,3522,7662,3
455,2024-07-02,10993,7662,3
419,2024-07-02,8823,7662,5
3699,2024-07-02,8851,7662,3
7103,2024-07-02,5238,7662,3
5330,2024-07-02,5238,7662,1
506,2024-07-02,1808,7662,1
7365,2024-07-02,5997,7662,3
8569,2024-07-02,5723,7662,3
8484,2024-07-02,9221,7662,1
4663,2024-07-02,10921,7662,3
5565,2024-07-02,3066,7662,3
1507,2024-07-02,10378,7662,1
1555,2024-07-02,1411,7662,3
7553,2024-07-02,1058,7662,3
7527,2024-07-02,1115,7662,3
4429,2024-07-02,10122,7662,3
9652,2024-07-02,4743,7662,5
6023,2024-07-02,2478,7662,1
4859,2024-07-02,1090,7662,1
6716,2024-07-02,7344,7662,1
5562,2024-07-02,7344,7662,1
3864,2024-07-02,7344,7662,1
5339,2024-07-02,5676,7662,2
7368,2024-07-02,2849,7662,1
8485,2024-07-02,11171,7662,1
8065,2024-07-02,2424,7662,1
7209,2024-07-02,6758,7662,1
9640,2024-07-02,4985,7662,1
1337,2024-07-02,10367,7662,1
8362,2024-07-02,4262,7662,5
1686,2024-07-02,6457,7662,5
2175,2024-07-02,6935,7662,5
4642,2024-07-02,4312,7662,1
3484,2024-07-02,3008,7662,2
7935,2024-07-02,3427,7662,1
8965,2024-07-02,11471,7662,1
6738,2024-07-02,5840,7662,1
3828,2024-07-02,6476,7662,1
3316,2024-07-02,2496,7662,1
8977,2024-07-02,10522,7662,1
3747,2024-07-02,1095,7662,3
4789,2024-07-02,1095,7662,3
9597,2024-07-02,1095,7662,3
4744,2024-07-02,11580,7465,1
233,2024-07-02,409,7662,5
5752,2024-07-02,4921,7662,3
1172,2024-07-02,2226,7662,3
820,2024-07-02,5902,7662,3
809,2024-07-02,1185,7662,5
5209,2024-07-02,9876,7662,3
4762,2024-07-02,5468,7662,3
4371,2024-07-02,5093,7662,3
6462,2024-07-02,2191,7662,1
3789,2024-07-02,686,7662,3
766,2024-07-02,2191,7662,1
7854,2024-07-02,9564,7662,3
361,2024-07-02,7282,7662,3
545,2024-07-02,6417,7662,2
9752,2024-07-02,2380,7662,3
9030,2024-07-02,2775,10148,1
3310,2024-07-02,5232,7662,1
5088,2024-07-02,5007,7662,2
617,2024-07-02,7232,7662,3
3410,2024-07-02,6146,7662,3
3902,2024-07-02,4594,7662,3
9682,2024-07-02,5177,7662,3
1667,2024-07-02,3863,7662,3
7457,2024-07-02,8561,7662,4
6583,2024-07-02,2242,7662,5
1661,2024-07-02,10628,7662,1
3600,2024-07-02,4221,7662,1
4054,2024-07-02,1444,7662,3
115,2024-07-02,2513,2513,1
7041,2024-07-02,4643,7662,3
2081,2024-07-02,11428,7662,1
1632,2024-07-02,6934,7662,5
9334,2024-07-02,26,7662,5
3979,2024-07-02,10719,7662,5
4472,2024-07-02,5995,7662,3
3991,2024-07-02,11479,7662,5
8393,2024-07-02,845,7662,3
6617,2024-07-02,3958,7662,5
5676,2024-07-02,4667,7662,1
8453,2024-07-02,3208,7662,3
1557,2024-07-02,8987,7662,1
3131,2024-07-02,7911,7662,1
6107,2024-07-02,940,7662,3
8599,2024-07-02,4416,7662,5
2919,2024-07-02,9642,7662,4
7247,2024-07-02,2063,7662,5
2411,2024-07-02,9306,7662,3
8775,2024-07-02,9060,7662,3
7204,2024-07-02,10933,7662,3
7109,2024-07-02,5354,7662,3
4287,2024-07-02,4989,7662,2
6971,2024-07-02,9888,7662,1
5417,2024-07-02,6491,7662,5
3034,2024-07-02,5939,7662,4
7785,2024-07-02,6320,7662,1
8985,2024-07-02,5498,9437,1
2213,2024-07-02,7797,7662,1
5407,2024-07-02,3225,7662,1
1704,2024-07-02,8658,7662,5
4288,2024-07-02,5000,7662,1
9672,2024-07-02,1266,7662,5
8750,2024-07-02,6681,7662,1
782,2024-07-02,11012,7662,1
1695,2024-07-02,4678,7662,1
2273,2024-07-02,5803,7662,1
7837,2024-07-02,9629,7662,1
612,2024-07-02,4548,7662,1
1140,2024-07-02,699,7662,1
6069,2024-07-02,711,7662,2
6949,2024-07-02,4002,7662,1
3236,2024-07-02,2022,7662,1
104,2024-07-02,509,7662,1
5938,2024-07-02,2807,7662,1
4217,2024-07-02,10586,7662,1
2497,2024-07-02,10624,7662,2
1243,2024-07-02,9100,7662,1
2045,2024-07-02,6533,7662,1
7965,2024-07-02,11815,7662,1
8026,2024-07-02,11815,7662,1
7698,2024-07-03,9743,7662,3
4519,2024-07-03,5084,7662,3
7107,2024-07-03,3053,7662,1
6988,2024-07-03,3936,7662,5
1426,2024-07-03,4936,7662,1
9964,2024-07-03,895,7662,1
9380,2024-07-03,1432,7662,5
3174,2024-07-03,10904,7662,2
1868,2024-07-03,1990,10790,1
7124,2024-07-03,10585,2600,1
1054,2024-07-03,4096,7662,3
2070,2024-07-03,9100,7662,4
7000,2024-07-03,11317,7662,3
8679,2024-07-03,3992,7662,3
5450,2024-07-03,7712,7662,3
4994,2024-07-03,8581,7662,3
9568,2024-07-03,3893,7662,1
305,2024-07-03,4722,7662,3
1063,2024-07-03,3893,10761,1
427,2024-07-03,11542,3576,1
8597,2024-07-03,9337,7662,3
2442,2024-07-03,10594,8726,1
2243,2024-07-03,7318,7662,3
7682,2024-07-03,8608,10148,1
9352,2024-07-03,4759,2219,5
7230,2024-07-03,45,7662,1
952,2024-07-03,178,7662,3
5222,2024-07-03,6870,11783,1
2893,2024-07-03,3080,7465,1
3315,2024-07-03,420,7662,3
5303,2024-07-03,4376,7662,5
3942,2024-07-03,6870,3747,1
5348,2024-07-03,1642,7662,1
2990,2024-07-03,602,11783,1
9096,2024-07-03,9648,7662,3
5729,2024-07-03,11185,7662,5
433,2024-07-03,11409,7662,5
3228,2024-07-03,8993,7662,5
8974,2024-07-03,4998,7662,1
6298,2024-07-03,6133,7662,3
4021,2024-07-03,11057,7662,5
7387,2024-07-03,1723,7662,5
1034,2024-07-03,7022,7662,5
1273,2024-07-03,6384,7662,3
9501,2024-07-03,248,11645,1
6993,2024-07-03,4782,7662,3
2360,2024-07-03,7901,7662,3
7188,2024-07-03,7901,7662,3
3121,2024-07-03,3606,7662,1
3459,2024-07-03,10064,7662,5
7016,2024-07-03,8551,7662,3
687,2024-07-03,3981,7662,3
6049,2024-07-03,11692,10778,3
8337,2024-07-03,2503,7662,3
2086,2024-07-03,9720,7662,3
5517,2024-07-03,5109,7662,3
9483,2024-07-03,2055,7662,3
2377,2024-07-03,11499,7662,3
3508,2024-07-03,6318,7662,5
3974,2024-07-03,8567,7662,3
1386,2024-07-03,9541,7662,3
3825,2024-07-03,2646,7662,2
544,2024-07-03,2587,7662,1
2471,2024-07-03,2587,7662,1
9514,2024-07-03,866,7662,1
9112,2024-07-03,7481,7662,1
8955,2024-07-03,9771,7662,3
5828,2024-07-03,10160,7662,5
3837,2024-07-03,11651,7662,1
8630,2024-07-03,10184,1900,5
3680,2024-07-03,5926,7662,3
439,2024-07-03,2877,7662,2
5431,2024-07-03,9086,7662,3
4551,2024-07-03,8226,10148,1
429,2024-07-03,9124,7662,1
6619,2024-07-03,2016,7662,4
4492,2024-07-03,8504,7662,3
5412,2024-07-03,572,7662,5
9782,2024-07-03,9649,7662,3
9818,2024-07-03,9129,7662,1
9962,2024-07-03,3857,7662,3
3666,2024-07-03,10045,7662,3
152,2024-07-03,3864,7662,4
3225,2024-07-03,5120,7662,4
6220,2024-07-03,6888,7662,4
8820,2024-07-03,3159,7662,1
9906,2024-07-03,11801,7662,3
9462,2024-07-03,3117,7662,3
2105,2024-07-03,10447,7662,1
5560,2024-07-03,6387,7662,3
9413,2024-07-03,6652,7662,1
6905,2024-07-03,7136,7662,1
7458,2024-07-03,9925,7662,3
9823,2024-07-03,6080,7662,4
5301,2024-07-03,8577,7662,4
2057,2024-07-03,8671,7662,4
6959,2024-07-03,1715,7662,3
8318,2024-07-03,5473,7662,3
4094,2024-07-03,10487,7662,3
3767,2024-07-03,2427,7662,3
2353,2024-07-03,60,7662,3
1748,2024-07-03,2427,7662,3
9105,2024-07-03,4582,7662,1
7038,2024-07-03,11540,7662,1
6790,2024-07-03,3754,7662,3
5540,2024-07-03,9212,7662,3
648,2024-07-03,7334,7662,3
3229,2024-07-03,6236,7662,3
6076,2024-07-03,6373,7662,3
1841,2024-07-03,2701,7662,3
3164,2024-07-03,10874,7662,3
5829,2024-07-03,6209,7662,3
7316,2024-07-03,9107,7662,3
3744,2024-07-03,4752,7662,3
6947,2024-07-03,11331,7662,3
7341,2024-07-03,8379,7662,3
8311,2024-07-03,6446,7662,5
9943,2024-07-03,5495,7662,3
1189,2024-07-03,3632,7662,3
1729,2024-07-03,8163,7662,3
6531,2024-07-03,1896,7662,1
3195,2024-07-03,613,7662,1
1005,2024-07-03,8243,7662,3
9548,2024-07-03,3924,7662,3
3752,2024-07-03,10085,7662,3
7317,2024-07-03,11414,7662,3
6074,2024-07-03,5546,7662,3
9886,2024-07-03,1727,7662,1
2593,2024-07-03,7922,6883,1
9915,2024-07-03,7054,7662,1
6936,2024-07-03,4294,7662,3
3114,2024-07-03,7189,7662,3
4196,2024-07-03,7989,7662,3
9504,2024-07-03,1462,2997,1
2685,2024-07-03,1462,2600,1
4923,2024-07-03,1462,8726,1
7543,2024-07-03,1462,3043,1
157,2024-07-03,1462,3747,1
5684,2024-07-03,1462,7371,1
9091,2024-07-03,1462,8422,1
2072,2024-07-03,11563,7662,2
7903,2024-07-03,8034,7662,1
4466,2024-07-03,1462,6989,1
5662,2024-07-03,1462,8993,1
9925,2024-07-03,1462,1117,1
5157,2024-07-03,1462,7371,1
9796,2024-07-03,1462,1067,1
5782,2024-07-03,10683,7662,2
6197,2024-07-03,3625,7662,4
7152,2024-07-03,8722,7662,1
2616,2024-07-03,1991,7662,2
1373,2024-07-03,803,9827,1
7464,2024-07-03,3685,7662,3
8617,2024-07-03,5453,7662,4
1761,2024-07-03,2817,7662,3
114,2024-07-03,6488,7662,4
4348,2024-07-03,153,7662,3
8964,2024-07-03,10856,7662,2
1202,2024-07-03,9855,7662,2
3282,2024-07-03,1505,4287,1
4374,2024-07-03,4510,7662,2
7353,2024-07-03,7253,7662,2
6485,2024-07-03,8947,7662,1
101,2024-07-03,1462,8584,1
8387,2024-07-03,5085,7662,2
7053,2024-07-03,1462,3043,1
4383,2024-07-03,1462,8726,1
390,2024-07-03,1462,3747,1
8127,2024-07-03,2930,7662,1
1255,2024-07-03,803,9557,1
1463,2024-07-03,428,7662,5
9298,2024-07-03,5827,7662,2
5651,2024-07-03,11559,7662,5
2498,2024-07-03,5764,7662,3
781,2024-07-03,6831,7662,2
5251,2024-07-03,1462,3043,1
3004,2024-07-03,9474,6727,3
3983,2024-07-03,1462,7662,1
2837,2024-07-03,8669,7662,5
2173,2024-07-03,1462,3440,1
5534,2024-07-03,1462,8487,1
1409,2024-07-03,2587,7662,1
1149,2024-07-03,11663,7662,2
2568,2024-07-03,5981,7662,4
218,2024-07-03,1462,3747,1
6834,2024-07-03,1462,7662,1
2027,2024-07-03,5866,7662,1
3108,2024-07-03,2587,7662,1
7329,2024-07-03,1445,7662,4
8652,2024-07-03,6069,7662,5
7047,2024-07-03,4536,7662,2
7078,2024-07-03,2587,7662,1
1846,2024-07-03,2587,7662,1
6483,2024-07-03,2587,7662,1
1448,2024-07-03,2346,7662,4
9707,2024-07-03,10387,7662,2
8301,2024-07-04,11663,7662,1
8640,2024-07-04,2120,5184,1
767,2024-07-04,5650,7662,1
3260,2024-07-04,7667,7662,4
256,2024-07-04,11543,7662,1
2237,2024-07-04,11543,6522,1
9902,2024-07-04,8073,7662,4
6895,2024-07-04,2632,9183,1
5643,2024-07-04,1869,7662,4
4000,2024-07-04,4563,7662,1
5537,2024-07-04,5650,7662,1
1352,2024-07-04,6842,7662,4
3931,2024-07-04,3064,7662,3
1171,2024-07-04,5043,7662,4
7547,2024-07-04,3437,7662,4
6281,2024-07-04,2465,7662,1
8809,2024-07-04,7390,7662,4
1680,2024-07-04,9453,7016,1
3639,2024-07-04,9453,6751,1
2386,2024-07-04,2071,7662,4
5405,2024-07-04,8557,7662,4
5546,2024-07-04,8681,7662,4
2385,2024-07-04,4167,7662,1
3926,2024-07-04,3665,8725,1
5099,2024-07-04,4304,7662,1
6911,2024-07-04,2576,7662,4
6894,2024-07-04,1530,7662,3
7513,2024-07-04,137,7662,4
2440,2024-07-04,2029,2098,1
5123,2024-07-04,1604,7662,4
7873,2024-07-04,11182,7662,3
1689,2024-07-04,11369,7662,1
5030,2024-07-04,2029,2098,1
6814,2024-07-04,71,7662,1
213,2024-07-04,9125,7662,1
9133,2024-07-04,754,7662,1
6534,2024-07-04,754,7662,1
9656,2024-07-04,10118,6246,1
7714,2024-07-04,10059,7662,1
6813,2024-07-04,2127,7662,1
2117,2024-07-04,1071,7662,4
7593,2024-07-04,6876,7662,4
5878,2024-07-04,3022,7662,5
8272,2024-07-04,5862,214,5
6214,2024-07-04,754,7662,1
3098,2024-07-04,3703,7662,1
6782,2024-07-04,8439,7662,4
7533,2024-07-04,754,7662,3
6735,2024-07-04,4378,7662,4
2749,2024-07-04,3022,7662,5
3722,2024-07-04,10482,7662,1
7704,2024-07-04,9674,7662,4
7131,2024-07-04,2739,7662,3
6743,2024-07-04,3389,7662,1
5096,2024-07-04,6004,7662,1
2044,2024-07-04,9453,10116,1
2248,2024-07-04,6488,7662,3
2951,2024-07-04,4373,8223,1
2997,2024-07-04,9453,1520,1
5966,2024-07-04,1327,5773,2
3672,2024-07-04,7450,7662,3
5176,2024-07-04,3371,8726,1
7832,2024-07-04,9138,7662,4
6757,2024-07-04,11322,7662,1
8760,2024-07-04,1398,7662,4
4792,2024-07-04,8060,7662,1
8693,2024-07-04,975,7662,5
453,2024-07-04,9771,7662,1
34,2024-07-04,3032,7662,1
2387,2024-07-04,9838,6800,1
5231,2024-07-04,1703,7662,1
8922,2024-07-04,9419,7662,1
5035,2024-07-04,10492,7662,1
4826,2024-07-04,1161,7662,2
7658,2024-07-04,4960,7662,1
7326,2024-07-04,5984,7662,3
3431,2024-07-04,3958,7662,4
5706,2024-07-04,8889,7662,4
1031,2024-07-04,2270,5559,1
1657,2024-07-04,502,7662,2
7875,2024-07-04,3457,7662,4
5726,2024-07-04,174,7662,4
8916,2024-07-04,1142,3747,1
9317,2024-07-04,4459,7662,1
4759,2024-07-04,10069,7662,4
4484,2024-07-04,10861,5182,1
1654,2024-07-04,5158,7662,4
5742,2024-07-04,5541,7662,3
1664,2024-07-04,400,7662,4
5775,2024-07-04,1462,8046,1
3961,2024-07-04,9995,7662,2
4755,2024-07-04,9995,7662,1
6866,2024-07-04,9399,7662,1
6300,2024-07-04,2202,7662,4
3932,2024-07-04,10535,7662,4
9234,2024-07-04,1954,7662,4
6746,2024-07-04,3919,7662,4
9972,2024-07-04,10540,7662,4
5365,2024-07-04,3724,7662,1
1160,2024-07-04,4702,7662,1
4625,2024-07-04,8383,7662,4
2042,2024-07-04,773,6256,1
922,2024-07-04,5347,7662,4
8338,2024-07-04,804,7662,4
588,2024-07-04,3644,7662,4
5590,2024-07-04,11676,7662,5
2728,2024-07-04,11676,7662,5
296,2024-07-04,3304,2153,1
7366,2024-07-04,10599,7662,3
4069,2024-07-04,1560,7662,1
3773,2024-07-04,8298,7662,4
3036,2024-07-04,6761,7662,4
7857,2024-07-04,6455,7662,1
9871,2024-07-04,10171,7662,4
2334,2024-07-04,506,9226,1
599,2024-07-04,4313,7662,1
1252,2024-07-04,11299,7662,1
2764,2024-07-04,4313,1556,1
6824,2024-07-04,10095,7662,4
1324,2024-07-04,2908,7662,5
6316,2024-07-04,9731,7662,1
607,2024-07-04,6729,7662,4
8055,2024-07-04,1283,7662,4
8486,2024-07-04,699,7662,5
6886,2024-07-04,699,7662,4
5889,2024-07-04,3280,7662,1
1306,2024-07-04,6173,7662,2
657,2024-07-04,9013,7662,4
7039,2024-07-04,9717,7662,2
1725,2024-07-04,2232,3747,1
1975,2024-07-04,8410,3747,1
8325,2024-07-04,8662,7662,1
4977,2024-07-04,11075,7662,1
9644,2024-07-04,5971,7662,4
7783,2024-07-04,6165,7662,1
9989,2024-07-04,7173,3747,3
2541,2024-07-04,1772,7662,4
212,2024-07-04,4,7662,4
6424,2024-07-04,2530,7662,4
8659,2024-07-04,9305,7662,4
7216,2024-07-04,4024,7662,4
8321,2024-07-04,5312,7662,5
1190,2024-07-04,5190,7662,4
3749,2024-07-04,1882,7662,4
4024,2024-07-04,6642,7662,4
5073,2024-07-04,9230,7662,3
7766,2024-07-04,9712,7662,1
8614,2024-07-04,10286,4210,1
6294,2024-07-04,1340,7662,1
2263,2024-07-04,3388,7662,2
7964,2024-07-04,3741,7662,5
5208,2024-07-04,3210,7662,4
2911,2024-07-04,11297,7662,4
1645,2024-07-04,1462,10401,1
3775,2024-07-04,1462,3747,1
3728,2024-07-04,1462,3747,1
5817,2024-07-04,9773,7662,2
5387,2024-07-04,9651,7662,1
9923,2024-07-04,9639,7662,3
4664,2024-07-04,10644,7662,1
8692,2024-07-04,1314,7662,4
3839,2024-07-04,7108,7662,5
7181,2024-07-04,2509,7662,4
3793,2024-07-04,10078,7662,5
9758,2024-07-04,9734,7662,2
4864,2024-07-04,2736,7662,4
2681,2024-07-04,10179,5182,3
1607,2024-07-04,3420,7662,3
1554,2024-07-04,10552,7662,1
9343,2024-07-04,10552,7662,1
8538,2024-07-04,10346,1476,1
5490,2024-07-04,10585,7662,1
1509,2024-07-04,228,7662,1
8436,2024-07-04,386,7662,4
3598,2024-07-04,7792,7662,5
2481,2024-07-04,1915,7662,5
6100,2024-07-04,5131,7662,3
9966,2024-07-04,2006,7662,4
9767,2024-07-04,8854,7662,3
6247,2024-07-04,2869,7662,4
1150,2024-07-04,10672,7662,1
8967,2024-07-04,4526,7662,5
9279,2024-07-04,5962,1606,1
1819,2024-07-04,7272,7662,4
4788,2024-07-04,7375,7662,4
1608,2024-07-04,6884,7662,3
6449,2024-07-04,9480,7662,1
5922,2024-07-04,5056,7662,3
2768,2024-07-04,9978,7662,1
863,2024-07-04,8106,4760,1
7809,2024-07-04,8160,5200,1
1963,2024-07-04,4526,7662,3
3776,2024-07-04,7478,8448,3
9627,2024-07-04,9639,7662,5
4758,2024-07-04,1628,7662,3
8911,2024-07-04,8106,345,1
7159,2024-07-04,6115,7662,1
4674,2024-07-04,9888,7662,3
8467,2024-07-04,174,7662,5
2305,2024-07-04,5561,7662,3
2367,2024-07-04,9739,7662,3
3882,2024-07-04,7705,7662,5
2266,2024-07-04,153,7662,3
449,2024-07-04,6054,7662,3
3899,2024-07-04,174,7662,5
615,2024-07-04,8629,7662,3
7904,2024-07-04,9711,7662,1
2747,2024-07-04,1587,6304,5
7449,2024-07-04,5532,7662,3
6148,2024-07-04,11137,2098,1
2438,2024-07-04,1462,8487,1
328,2024-07-04,4407,7662,4
2901,2024-07-04,10093,7662,5
2056,2024-07-04,5724,7662,3
856,2024-07-04,4137,7662,3
2443,2024-07-04,10971,7662,3
2641,2024-07-04,3919,7662,3
319,2024-07-04,11253,7662,5
6887,2024-07-04,2001,7662,3
7851,2024-07-04,3109,7662,4
8422,2024-07-04,11221,7662,3
7859,2024-07-04,6909,7662,1
2540,2024-07-04,4048,7662,5
8126,2024-07-04,8655,7662,4
5344,2024-07-04,6069,7662,5
1937,2024-07-04,4048,7662,5
9277,2024-07-04,4048,7662,5
4631,2024-07-04,8876,7662,3
8185,2024-07-04,4048,7662,5
3198,2024-07-04,4048,7662,5
8633,2024-07-04,11280,7662,3
4277,2024-07-04,1652,7662,1
2242,2024-07-04,7847,7662,3
8662,2024-07-04,2821,7662,3
9519,2024-07-04,6102,7662,5
2227,2024-07-04,10628,7662,4
743,2024-07-04,2728,7662,3
811,2024-07-04,3925,7662,3
8988,2024-07-04,4821,7662,3
4307,2024-07-04,6328,7662,3
4518,2024-07-04,7857,7662,3
9490,2024-07-04,4599,7662,3
1870,2024-07-04,7682,7662,3
5808,2024-07-04,3927,7662,5
2847,2024-07-04,11666,7662,3
2509,2024-07-04,3053,7662,1
1901,2024-07-04,6069,7662,5
9518,2024-07-04,712,7662,3
8996,2024-07-04,10449,7662,3
1401,2024-07-04,6325,7662,3
7512,2024-07-04,1127,7662,3
5916,2024-07-04,8164,7662,3
8382,2024-07-04,4554,7662,3
7732,2024-07-04,1836,7662,3
5060,2024-07-04,10628,7662,3
6321,2024-07-04,10801,7662,3
7480,2024-07-04,7806,7662,2
3217,2024-07-05,5764,7662,5
9979,2024-07-05,3066,7662,3
2801,2024-07-05,3344,7662,3
4651,2024-07-05,8893,3747,1
2078,2024-07-05,3280,7662,3
5274,2024-07-05,10542,7662,3
1458,2024-07-05,502,7662,1
721,2024-07-05,7832,7662,1
2441,2024-07-05,1650,7662,1
9194,2024-07-05,11453,7662,3
3693,2024-07-05,97,7662,3
7379,2024-07-05,3142,7662,3
7349,2024-07-05,9003,7662,3
9869,2024-07-05,9569,7662,5
1297,2024-07-05,11745,7662,5
3738,2024-07-05,9555,6522,1
2253,2024-07-05,8622,7662,3
6347,2024-07-05,11368,7662,5
1117,2024-07-05,12,7662,5
2091,2024-07-05,6724,7662,1
5278,2024-07-05,1623,7662,3
3911,2024-07-05,3288,7662,5
5400,2024-07-05,4310,7662,4
898,2024-07-05,8518,7662,3
275,2024-07-05,9334,7662,1
1553,2024-07-05,37,7662,1
9152,2024-07-05,37,7662,1
4821,2024-07-05,3237,8537,1
8379,2024-07-05,2821,7662,1
4550,2024-07-05,10857,7662,1
7657,2024-07-05,1782,7662,1
7239,2024-07-05,9331,7662,1
6712,2024-07-05,1940,7662,1
2168,2024-07-05,9691,7662,3
2520,2024-07-05,3863,7662,1
3721,2024-07-05,7783,7662,1
6331,2024-07-05,1474,7662,5
3525,2024-07-05,5686,7662,1
6261,2024-07-05,9337,7662,1
8759,2024-07-05,8516,4287,4
7133,2024-07-05,3010,7662,1
9653,2024-07-05,11517,7662,1
513,2024-07-05,5685,7662,1
5144,2024-07-05,208,7662,1
19,2024-07-05,9459,7662,1
9825,2024-07-05,3101,7662,1
2123,2024-07-05,10497,7371,1
8517,2024-07-05,3844,7662,1
2793,2024-07-05,7289,7662,1
5353,2024-07-05,4988,7662,1
6512,2024-07-05,3824,7662,1
271,2024-07-05,3763,7662,1
1786,2024-07-05,45,7662,1
3054,2024-07-05,8742,7662,1
5702,2024-07-05,2991,7662,5
7099,2024-07-05,2991,7662,5
3897,2024-07-05,10794,7662,1
8975,2024-07-05,4611,7662,1
9316,2024-07-05,9087,7662,1
4062,2024-07-05,3921,7662,1
9719,2024-07-05,10857,7662,1
3611,2024-07-05,8219,7662,1
2180,2024-07-05,10417,7662,1
6539,2024-07-05,7912,7662,1
5361,2024-07-05,5099,7662,1
4761,2024-07-05,5476,7662,1
7780,2024-07-05,8219,7662,1
3768,2024-07-05,5268,7662,1
2939,2024-07-05,3801,7662,1
7027,2024-07-05,5542,10148,1
2136,2024-07-05,4471,7662,1
8273,2024-07-05,3132,7662,1
3262,2024-07-05,6677,7662,1
4711,2024-07-05,963,963,4
4823,2024-07-05,6184,7662,1
4459,2024-07-05,806,7662,1
6487,2024-07-05,11619,7662,1
5648,2024-07-05,2354,7662,1
8194,2024-07-05,9062,7662,1
3790,2024-07-05,7830,7662,1
2551,2024-07-05,10459,7662,1
5132,2024-07-05,5789,7662,1
804,2024-07-05,1790,7662,1
8549,2024-07-05,4284,7662,1
2553,2024-07-05,10148,7662,1
1033,2024-07-05,11663,7662,1
6398,2024-07-05,8622,7662,3
9487,2024-07-05,2423,7662,1
2643,2024-07-05,6334,7662,1
3233,2024-07-05,8456,7662,1
6620,2024-07-05,2952,7662,2
2262,2024-07-05,3013,7662,5
346,2024-07-05,3732,7662,5
3496,2024-07-05,10867,7662,3
5531,2024-07-05,617,7662,1
6388,2024-07-05,8751,7662,1
7511,2024-07-05,4053,7662,5
5204,2024-07-05,7075,7662,1
5165,2024-07-05,9554,7662,3
8249,2024-07-05,2749,7662,1
8892,2024-07-05,6677,7662,2
4025,2024-07-05,4617,7662,1
1450,2024-07-05,5055,7662,1
2613,2024-07-05,9611,3747,1
6430,2024-07-05,5570,7662,5
6466,2024-07-05,9909,6311,1
3643,2024-07-05,924,7662,5
1043,2024-07-05,6392,7662,3
6597,2024-07-05,8765,7662,1
8521,2024-07-05,9263,7662,5
7966,2024-07-05,1512,7095,1
4672,2024-07-05,6411,7662,5
9382,2024-07-05,831,7662,2
3830,2024-07-05,5415,7662,5
2871,2024-07-05,6102,7662,5
3339,2024-07-05,6034,7662,1
787,2024-07-05,8563,7662,1
4393,2024-07-05,4225,7662,4
3345,2024-07-05,7351,7662,1
509,2024-07-05,2817,7662,5
8161,2024-07-05,6365,7662,1
3417,2024-07-05,2817,7662,5
9160,2024-07-05,4113,7662,1
1125,2024-07-05,7228,7662,1
3021,2024-07-05,1536,7662,1
5988,2024-07-05,11513,7662,1
3046,2024-07-05,11177,7662,3
7400,2024-07-05,5031,7662,1
8398,2024-07-05,1341,7662,1
6168,2024-07-05,8337,7662,1
2882,2024-07-05,4918,7662,1
1204,2024-07-05,3319,10285,1
9716,2024-07-05,10107,7662,1
5738,2024-07-05,6429,7662,2
6704,2024-07-05,8544,7662,2
6962,2024-07-05,6613,7662,1
7312,2024-07-05,6613,6311,1
3845,2024-07-05,7465,7662,1
5739,2024-07-05,6699,7662,1
68,2024-07-05,10222,7662,3
5192,2024-07-05,273,7662,3
8932,2024-07-05,7526,7662,1
7166,2024-07-05,2154,7662,2
7093,2024-07-05,9266,7662,3
8208,2024-07-05,7321,7662,3
1917,2024-07-05,11394,7662,3
3391,2024-07-05,455,7662,3
4997,2024-07-05,1543,10790,2
9749,2024-07-05,8604,7662,5
1757,2024-07-05,4198,7662,3
1899,2024-07-05,5195,7662,5
4905,2024-07-05,8908,7662,3
2076,2024-07-05,3824,7662,3
5180,2024-07-05,8776,7662,3
4889,2024-07-05,5463,7662,4
3416,2024-07-05,4190,7662,4
4880,2024-07-05,428,7662,3
9350,2024-07-05,5213,7662,5
3118,2024-07-05,4838,7662,3
1354,2024-07-05,9098,7662,3
8675,2024-07-05,2006,7662,3
4067,2024-07-05,11484,7662,3
355,2024-07-05,10131,10089,1
7304,2024-07-05,3674,7662,3
2659,2024-07-05,4742,7662,1
9262,2024-07-05,4631,7662,3
3506,2024-07-05,10345,7662,1
8859,2024-07-05,10345,7662,1
8850,2024-07-05,10345,7662,1
7640,2024-07-05,10345,7662,1
3930,2024-07-05,10345,7662,1
3745,2024-07-05,10345,7662,1
5600,2024-07-05,5011,2892,5
2946,2024-07-05,10345,7662,1
8017,2024-07-05,10345,7662,1
8606,2024-07-05,10345,7662,1
6372,2024-07-05,10345,7662,1
7643,2024-07-05,10345,7662,1
6181,2024-07-05,10345,7662,1
434,2024-07-05,2079,7662,1
110,2024-07-05,3557,7662,3
1288,2024-07-05,10997,7662,5
200,2024-07-05,10002,7662,1
1613,2024-07-05,9707,7662,5
4169,2024-07-05,2293,5167,1
632,2024-07-05,9837,7662,5
6542,2024-07-05,4304,7662,5
4962,2024-07-05,9337,7662,3
1248,2024-07-05,3393,7662,5
8843,2024-07-05,8662,7662,1
2937,2024-07-05,6104,7662,3
9158,2024-07-05,10738,10738,4
7419,2024-07-05,1613,7662,3
4234,2024-07-05,7039,7662,3
5469,2024-07-05,11235,7662,5
248,2024-07-06,1337,7662,3
7830,2024-07-06,6971,10285,2
9827,2024-07-06,2177,7662,3
2389,2024-07-06,8906,7662,1
9444,2024-07-06,3261,10089,1
3592,2024-07-06,11029,7662,3
9211,2024-07-06,10794,7662,3
1281,2024-07-06,1951,7662,3
5712,2024-07-06,7899,7662,3
1441,2024-07-06,6677,7662,3
4029,2024-07-06,10609,7662,3
7583,2024-07-06,10129,7662,5
2983,2024-07-06,11619,7662,3
216,2024-07-06,2947,7662,3
7259,2024-07-06,11522,7662,2
1425,2024-07-06,8443,7662,3
3293,2024-07-06,3066,7662,3
290,2024-07-06,9772,7662,1
3555,2024-07-06,2007,7662,2
8420,2024-07-06,2081,7662,5
6788,2024-07-06,2081,7662,5
4351,2024-07-06,2081,7662,2
3226,2024-07-06,520,7662,1
9728,2024-07-06,2081,7662,5
1811,2024-07-06,6541,7662,3
9126,2024-07-06,4959,7662,1
5749,2024-07-06,7081,7662,3
8224,2024-07-06,7007,7662,3
2602,2024-07-06,1601,7662,3
2870,2024-07-06,7761,2829,1
4014,2024-07-06,5183,7662,3
2918,2024-07-06,6405,7662,5
8477,2024-07-06,5183,7662,1
577,2024-07-06,5183,7662,1
6171,2024-07-06,1138,7662,3
4088,2024-07-06,5183,7662,1
4290,2024-07-06,11687,7662,3
9960,2024-07-06,5789,7662,3
2746,2024-07-06,1309,7662,3
2676,2024-07-06,5561,7662,3
6775,2024-07-06,3639,7662,5
8807,2024-07-06,8215,7662,5
1147,2024-07-06,11207,7662,3
1068,2024-07-06,9072,7662,3
7398,2024-07-06,9676,7662,3
3812,2024-07-06,7742,7662,3
1813,2024-07-06,1439,7662,3
6541,2024-07-06,9945,7662,3
7516,2024-07-06,7385,7662,3
7442,2024-07-06,3388,7662,3
762,2024-07-06,8632,7662,3
1095,2024-07-06,2771,7662,3
3400,2024-07-06,480,7662,1
7951,2024-07-06,4547,7662,3
830,2024-07-06,2384,7662,1
9509,2024-07-06,5182,7662,3
5021,2024-07-06,7734,7662,5
4123,2024-07-06,889,7662,2
501,2024-07-06,5947,5708,1
5514,2024-07-06,4997,7662,2
7433,2024-07-06,11213,7662,5
595,2024-07-06,11213,787,3
4175,2024-07-06,9861,7662,1
9566,2024-07-06,6477,7662,5
4981,2024-07-06,6102,7662,5
7569,2024-07-06,4566,7662,5
9655,2024-07-06,4323,7662,5
7082,2024-07-06,7166,7662,1
4454,2024-07-06,5657,8537,1
1582,2024-07-06,152,7662,1
5022,2024-07-06,7189,7662,3
6127,2024-07-06,7989,7662,3
5671,2024-07-06,10308,7662,1
7589,2024-07-06,1847,7073,5
4827,2024-07-06,486,7662,1
3361,2024-07-06,9649,7662,1
2258,2024-07-06,4190,7662,4
6659,2024-07-06,6772,9883,1
6504,2024-07-06,11820,5182,1
3452,2024-07-06,694,7662,1
3490,2024-07-06,10103,9736,1
5513,2024-07-06,4358,7662,4
1443,2024-07-06,6102,7662,4
2153,2024-07-06,8476,7662,1
8184,2024-07-06,10322,7662,1
9250,2024-07-06,11213,7662,4
4617,2024-07-06,4221,7662,1
3081,2024-07-06,8298,7662,5
6703,2024-07-06,1686,7662,1
9554,2024-07-06,4908,7662,1
6673,2024-07-06,6970,8612,1
4106,2024-07-06,618,7662,5
2148,2024-07-06,1761,7662,1
9213,2024-07-06,6102,7662,3
4470,2024-07-06,10164,4287,1
882,2024-07-06,6503,7662,1
109,2024-07-06,2232,7662,1
9761,2024-07-06,9835,7662,3
7126,2024-07-06,10126,7662,1
3230,2024-07-06,1883,7662,4
7088,2024-07-06,2232,3143,1
5486,2024-07-06,10361,7662,1
812,2024-07-06,4881,7662,1
9687,2024-07-06,3157,7662,1
1614,2024-07-06,6203,7662,1
8215,2024-07-06,5706,7662,1
5951,2024-07-06,3815,5304,1
6494,2024-07-06,8236,7662,1
5382,2024-07-06,2101,7662,1
8292,2024-07-06,1409,7662,1
8978,2024-07-06,7070,7662,1
2844,2024-07-06,7228,7662,1
50,2024-07-06,6739,7662,5
9650,2024-07-06,8348,7662,1
6644,2024-07-06,8322,7662,1
4562,2024-07-06,4225,7662,4
2507,2024-07-06,7453,7662,1
3227,2024-07-06,10220,7662,1
5958,2024-07-06,7493,7662,1
2588,2024-07-06,1363,7662,5
2337,2024-07-06,778,7662,1
5615,2024-07-06,9138,7662,4
7009,2024-07-06,341,341,4
8870,2024-07-06,5436,7662,4
1239,2024-07-06,8262,7662,1
1656,2024-07-06,2063,2063,4
8038,2024-07-06,6152,7662,1
2960,2024-07-06,10825,10148,1
2898,2024-07-06,440,7662,1
973,2024-07-06,6846,7662,1
1251,2024-07-06,6102,7662,4
1921,2024-07-06,1829,6500,1
462,2024-07-06,1750,7662,2
4544,2024-07-06,4966,7662,1
3990,2024-07-06,8750,10285,2
3504,2024-07-06,9764,7662,1
2219,2024-07-06,6658,7662,1
1546,2024-07-06,10097,7662,2
5827,2024-07-06,3828,7662,1
3073,2024-07-06,10940,8726,1
81,2024-07-06,1692,7662,1
5241,2024-07-06,11438,7662,5
478,2024-07-06,2698,8726,1
484,2024-07-06,5137,7662,1
2730,2024-07-06,9171,7662,1
754,2024-07-06,222,7662,1
6945,2024-07-06,8178,7662,5
8312,2024-07-06,7760,7662,5
2970,2024-07-06,5285,7662,2
9389,2024-07-06,3854,7662,1
159,2024-07-06,1014,7662,5
291,2024-07-06,6692,7662,1
6343,2024-07-06,6869,7662,1
1038,2024-07-06,6387,7662,1
388,2024-07-06,4307,7662,1
4724,2024-07-06,14,7662,1
8309,2024-07-06,9661,7662,1
4145,2024-07-06,9441,7662,1
221,2024-07-06,355,7662,1
73,2024-07-06,4305,7662,1
1217,2024-07-06,8561,7662,1
9856,2024-07-06,7977,7662,3
8855,2024-07-06,8395,9352,1
4105,2024-07-06,1012,7662,1
3000,2024-07-06,3638,7662,5
5390,2024-07-06,8665,7662,1
8637,2024-07-06,1081,7662,1
4980,2024-07-06,11466,7662,5
9985,2024-07-06,6045,7662,5
8946,2024-07-06,11442,4287,1
9183,2024-07-06,9565,7662,1
1857,2024-07-06,6749,7662,5
5501,2024-07-06,1043,7662,5
4925,2024-07-06,5881,8037,2
6269,2024-07-06,6178,7662,5
3757,2024-07-06,10866,7662,1
1134,2024-07-06,5306,8037,3
4142,2024-07-06,2690,7662,1
8684,2024-07-06,9864,7662,1
5973,2024-07-06,418,7662,1
3951,2024-07-06,10667,7662,3
9061,2024-07-06,4477,7662,1
6974,2024-07-06,11866,7662,1
4450,2024-07-06,7062,7662,1
8776,2024-07-06,10411,7662,1
4075,2024-07-06,3524,7662,1
9264,2024-07-06,7126,7662,1
9378,2024-07-06,6970,8685,1
3123,2024-07-06,8295,7662,1
1838,2024-07-06,11686,7662,5
1955,2024-07-06,6059,7662,5
5282,2024-07-06,7977,7662,3
3648,2024-07-06,3079,7662,5
9127,2024-07-06,9520,7662,5
3909,2024-07-06,10286,7662,1
4239,2024-07-06,4221,7662,1
8542,2024-07-06,245,7662,1
1041,2024-07-06,7086,7662,1
7671,2024-07-06,2898,7662,5
7192,2024-07-06,11180,7662,4
52,2024-07-06,6448,4287,1
8374,2024-07-06,4585,7662,1
4320,2024-07-06,6970,10401,1
9195,2024-07-06,11796,7662,3
7805,2024-07-06,5574,7662,1
6570,2024-07-06,11349,7662,1
4616,2024-07-06,2465,7662,1
7912,2024-07-06,686,7662,1
7344,2024-07-06,7189,7662,3
9216,2024-07-06,7989,7662,3
3685,2024-07-06,3058,7662,1
7629,2024-07-06,6066,7662,1
1073,2024-07-06,8249,10285,1
9245,2024-07-06,11197,7662,1
7717,2024-07-06,308,7662,1
4370,2024-07-06,3535,7662,1
4189,2024-07-06,4653,7662,1
3970,2024-07-06,1692,7662,1
7978,2024-07-06,3021,10401,1
7550,2024-07-06,8094,7662,1
2336,2024-07-06,8940,7662,5
331,2024-07-06,2413,7662,1
6781,2024-07-06,3603,7662,1
2542,2024-07-06,11797,7662,1
3241,2024-07-06,11734,7662,1
9552,2024-07-06,889,7662,5
8128,2024-07-06,2954,7662,5
4091,2024-07-06,234,7662,1
4510,2024-07-06,3659,4287,1
1407,2024-07-06,9114,7662,3
927,2024-07-06,3659,3043,1
5530,2024-07-06,4024,7662,3
228,2024-07-06,11792,7662,3
943,2024-07-06,11070,7662,1
2733,2024-07-06,2817,7662,5
9722,2024-07-06,4811,7662,1
2827,2024-07-06,2817,7662,5
3397,2024-07-06,2740,7662,5
7012,2024-07-06,10212,10212,1
2694,2024-07-06,4143,7662,1
8130,2024-07-06,6235,7662,1
5843,2024-07-06,320,3706,1
8835,2024-07-06,5124,3865,1
3901,2024-07-06,6000,7662,1
711,2024-07-06,10431,7662,1
8402,2024-07-06,1873,7662,1
8708,2024-07-06,1879,7662,1
7279,2024-07-06,9771,7662,1
2769,2024-07-06,6455,7662,1
1925,2024-07-06,8735,7662,1
1668,2024-07-06,11286,7662,1
5262,2024-07-06,6066,7662,1
7327,2024-07-06,9626,7662,1
9807,2024-07-06,4294,7662,3
1372,2024-07-07,7866,7662,5
8732,2024-07-07,10207,7662,3
1703,2024-07-07,6680,4646,1
6877,2024-07-07,4016,7662,1
9754,2024-07-07,3618,7662,5
6432,2024-07-07,162,7662,1
1335,2024-07-07,7766,7662,1
5766,2024-07-07,1727,7662,1
8564,2024-07-07,371,7662,3
5698,2024-07-07,1717,7662,3
487,2024-07-07,6470,4957,1
2686,2024-07-07,10608,7662,1
5130,2024-07-07,813,7662,3
3682,2024-07-07,9781,7662,1
9589,2024-07-07,3992,7662,1
9870,2024-07-07,8671,7662,3
5300,2024-07-07,359,3043,3
773,2024-07-08,10893,7662,1
1951,2024-07-08,4634,8993,1
988,2024-07-08,8799,7662,1
7376,2024-07-08,2334,7662,1
6836,2024-07-08,10308,7662,1
3765,2024-07-08,6379,7662,5
9280,2024-07-08,3368,7662,5
2017,2024-07-08,8350,7662,1
9402,2024-07-08,803,3747,1
9756,2024-07-08,1743,7662,1
4038,2024-07-08,2219,7662,1
7386,2024-07-08,11041,11057,1
5887,2024-07-08,11076,4287,1
6767,2024-07-08,1565,7662,5
2346,2024-07-08,4516,7662,1
9804,2024-07-08,6433,7662,2
9484,2024-07-08,610,7662,1
6660,2024-07-08,5416,7662,1
8821,2024-07-08,7977,7662,3
460,2024-07-08,2738,7662,1
2615,2024-07-08,11353,7662,2
3823,2024-07-08,3756,7662,3
6235,2024-07-08,3560,7662,3
4375,2024-07-08,2889,345,2
6561,2024-07-08,2889,7662,1
6699,2024-07-08,8989,4287,1
3187,2024-07-08,863,7662,1
9668,2024-07-08,863,7662,1
2539,2024-07-08,2036,7662,3
5414,2024-07-08,389,7662,1
4772,2024-07-08,11040,7662,5
3583,2024-07-08,6101,7662,5
9083,2024-07-08,8768,7662,4
4548,2024-07-08,5763,7662,3
229,2024-07-08,9867,8993,5
9596,2024-07-08,10459,7662,1
1726,2024-07-08,388,7662,1
885,2024-07-08,10470,7662,3
9897,2024-07-08,8069,7662,1
5058,2024-07-08,1809,7662,1
9560,2024-07-08,9433,7662,1
6822,2024-07-09,5612,7662,3
4218,2024-07-09,10218,9183,5
5447,2024-07-09,8671,7662,3
6920,2024-07-09,11116,7662,3
4641,2024-07-09,9309,7662,5
3686,2024-07-09,2542,7662,4
756,2024-07-09,6767,7662,2
1493,2024-07-09,7022,7662,5
5343,2024-07-09,1676,4287,2
6282,2024-07-09,1512,9183,1
6739,2024-07-09,7022,7662,5
7439,2024-07-09,9107,6249,5
9634,2024-07-09,9435,7662,5
7007,2024-07-09,7022,7662,5
4509,2024-07-09,6123,4287,2
6323,2024-07-09,6731,9183,1
5566,2024-07-09,5612,5612,5
9541,2024-07-09,2889,7662,1
3692,2024-07-09,10420,7662,5
9423,2024-07-09,9626,7662,1
3182,2024-07-09,5182,7662,3
6933,2024-07-09,5612,5612,4
1778,2024-07-09,5612,5612,3
581,2024-07-09,9183,7662,5
1830,2024-07-09,5612,5612,5
5221,2024-07-09,5073,7662,1
6212,2024-07-09,1903,7662,4
1578,2024-07-09,4204,954,1
4961,2024-07-09,10709,7662,3
763,2024-07-09,1271,7662,3
6303,2024-07-09,11514,7662,3
5126,2024-07-09,9766,7662,2
6124,2024-07-09,11747,7662,5
6868,2024-07-09,472,7662,5
1195,2024-07-09,4461,7662,5
7836,2024-07-09,3562,7662,5
4012,2024-07-09,5612,5612,3
324,2024-07-09,3975,7662,5
8829,2024-07-09,1644,7662,5
7743,2024-07-09,5507,7662,5
2802,2024-07-09,10218,9183,5
7986,2024-07-09,4924,7662,5
5053,2024-07-09,11800,7662,3
8966,2024-07-09,6027,7662,5
1593,2024-07-09,10365,7662,5
2940,2024-07-09,6663,7662,5
5312,2024-07-09,2229,7662,5
6880,2024-07-09,3456,7662,5
3870,2024-07-09,11749,7662,5
749,2024-07-09,4699,7662,5
5661,2024-07-09,9686,7662,5
8406,2024-07-09,5180,7662,5
1795,2024-07-09,1705,7662,5
2693,2024-07-09,3570,7662,5
7493,2024-07-09,3520,7662,5
7182,2024-07-09,3737,7662,5
7098,2024-07-09,4044,7662,5
7189,2024-07-09,6320,7662,5
9289,2024-07-09,205,7662,5
4529,2024-07-09,10971,7662,5
8043,2024-07-09,7699,5184,1
1234,2024-07-09,917,7662,3
7804,2024-07-09,2883,7662,3
851,2024-07-09,3353,7662,3
7701,2024-07-09,9618,7662,3
8011,2024-07-09,5561,7662,3
7883,2024-07-09,4605,7662,3
7507,2024-07-09,8917,7662,3
2029,2024-07-09,529,7662,3
2189,2024-07-09,10871,7662,3
9014,2024-07-09,4387,7662,3
9037,2024-07-09,5664,7662,1
6649,2024-07-09,5219,7662,3
4318,2024-07-09,6677,7662,3
981,2024-07-09,11801,7662,3
1341,2024-07-09,9224,7662,3
3383,2024-07-09,11610,7662,3
3654,2024-07-09,2909,7662,3
9131,2024-07-09,9274,7662,3
2736,2024-07-09,9233,7662,3
20,2024-07-09,9126,7662,3
5009,2024-07-09,11856,7662,3
3317,2024-07-09,6429,7662,3
2160,2024-07-09,7650,7662,3
499,2024-07-09,3924,7662,3
7015,2024-07-09,11211,6102,1
7056,2024-07-09,10701,7662,3
5641,2024-07-09,3697,7662,4
9681,2024-07-09,6751,7662,3
77,2024-07-09,6965,7662,3
8806,2024-07-09,8254,7662,1
3610,2024-07-09,4689,7662,3
8595,2024-07-09,11008,7662,3
6688,2024-07-09,1138,7662,3
6102,2024-07-09,5188,7662,3
1563,2024-07-09,651,7662,3
9778,2024-07-09,11434,7662,3
8515,2024-07-09,2149,7662,3
1170,2024-07-09,8443,7662,3
1533,2024-07-09,5907,7662,5
9049,2024-07-09,6717,7662,1
3062,2024-07-09,9725,7662,3
288,2024-07-09,9174,7662,3
2172,2024-07-09,1349,7662,5
5904,2024-07-09,1268,7662,5
4990,2024-07-09,4801,7662,3
1852,2024-07-09,2781,7662,3
5198,2024-07-09,11344,7662,5
3183,2024-07-09,4907,7662,5
7214,2024-07-09,6849,7662,5
353,2024-07-09,5169,7662,5
6444,2024-07-09,363,7662,5
5936,2024-07-09,10774,7662,5
4517,2024-07-09,5695,7662,3
3065,2024-07-09,933,7662,1
1604,2024-07-09,1653,7662,5
5613,2024-07-09,933,7662,1
4829,2024-07-09,8795,7662,3
9891,2024-07-09,9954,7662,1
6554,2024-07-09,1970,7662,3
9285,2024-07-09,8311,7662,3
5008,2024-07-09,7546,7662,3
7867,2024-07-09,6112,7662,5
7260,2024-07-09,11615,7662,5
8020,2024-07-09,5125,7662,3
4197,2024-07-09,5232,7662,3
2692,2024-07-09,3218,7662,5
9562,2024-07-09,7153,7662,3
1720,2024-07-09,2747,7662,3
3079,2024-07-09,3992,5184,1
5862,2024-07-09,11003,7662,5
2921,2024-07-09,7974,7662,3
143,2024-07-09,5572,7662,3
1166,2024-07-09,9916,7662,3
1853,2024-07-09,5307,7662,5
9621,2024-07-09,7024,7662,5
120,2024-07-09,10551,7662,3
9765,2024-07-09,11653,7662,5
1235,2024-07-09,4002,7662,5
2503,2024-07-09,11098,7662,5
4588,2024-07-09,6293,7662,5
1180,2024-07-09,1090,7662,5
3950,2024-07-09,423,7662,5
179,2024-07-09,1886,7662,5
2807,2024-07-09,2215,7662,3
7636,2024-07-09,7150,7662,3
202,2024-07-09,2916,7662,3
2445,2024-07-09,6128,7662,5
3905,2024-07-09,9363,7662,3
3475,2024-07-09,3138,7662,5
3314,2024-07-09,10486,7662,3
170,2024-07-09,975,7662,1
6359,2024-07-09,4510,7662,3
757,2024-07-09,975,225,1
1067,2024-07-09,6287,7662,3
6653,2024-07-09,4799,7662,3
8123,2024-07-09,6756,7662,1
5875,2024-07-09,1339,7662,3
5271,2024-07-09,7453,7662,3
9810,2024-07-09,9708,7662,3
4523,2024-07-09,5182,7662,3
667,2024-07-09,2033,7662,1
6198,2024-07-09,1023,7662,3
402,2024-07-09,4220,7662,5
2796,2024-07-09,7696,7662,1
6310,2024-07-09,4414,7662,1
512,2024-07-09,10601,7662,1
7730,2024-07-09,9976,7662,1
9322,2024-07-09,4489,7662,1
8195,2024-07-09,6277,7662,1
8780,2024-07-09,8306,7662,5
3265,2024-07-09,4336,7662,1
8352,2024-07-09,3855,8584,1
6134,2024-07-09,10393,7613,1
5873,2024-07-09,6640,6435,3
3102,2024-07-09,10970,7662,3
7544,2024-07-09,3943,7662,1
9495,2024-07-09,9962,7662,1
3551,2024-07-09,1351,7662,1
299,2024-07-09,7878,7662,1
9774,2024-07-09,166,7662,3
7751,2024-07-09,11749,7662,5
9857,2024-07-09,5660,7662,3
3653,2024-07-09,515,7662,3
265,2024-07-09,11749,7662,3
514,2024-07-09,3693,7662,5
4692,2024-07-09,5322,7662,3
1562,2024-07-09,2896,7662,3
524,2024-07-09,4910,7662,3
8110,2024-07-09,6328,7662,3
6698,2024-07-09,3820,7662,5
9660,2024-07-09,7117,7662,3
5764,2024-07-09,4249,7662,3
5319,2024-07-10,2900,7662,4
4646,2024-07-10,11446,7662,1
1499,2024-07-10,4286,7662,4
1466,2024-07-10,9840,7662,5
2446,2024-07-10,6511,7662,5
4170,2024-07-10,10469,7662,4
4410,2024-07-10,674,7662,4
1132,2024-07-10,4245,7662,5
3153,2024-07-10,9013,7662,5
2864,2024-07-10,7365,7662,5
7096,2024-07-10,10157,7662,4
573,2024-07-10,8383,7662,5
8686,2024-07-10,508,7662,5
5894,2024-07-10,9920,7662,4
8303,2024-07-10,8088,7662,4
9136,2024-07-10,7777,7662,5
1820,2024-07-10,11185,7662,4
1766,2024-07-10,4077,7662,5
6616,2024-07-10,10216,7662,5
7342,2024-07-10,4388,7662,5
4048,2024-07-10,1165,7662,4
9269,2024-07-10,7994,7662,5
5263,2024-07-10,4388,7662,5
105,2024-07-10,9183,7662,4
5323,2024-07-10,10554,7662,5
1213,2024-07-10,7994,7662,5
6154,2024-07-10,153,7662,5
6802,2024-07-10,11502,7662,5
8066,2024-07-10,11221,7662,5
3670,2024-07-10,11466,7662,5
6708,2024-07-10,5322,7662,4
1435,2024-07-10,11202,7662,5
7112,2024-07-10,10218,7662,5
6329,2024-07-10,2319,7662,5
5097,2024-07-10,11502,7662,4
1336,2024-07-10,8681,7662,5
7858,2024-07-10,6803,7662,5
1164,2024-07-10,10784,7662,4
5225,2024-07-10,11134,7662,5
6052,2024-07-10,1164,7662,5
4458,2024-07-10,11185,7662,5
6053,2024-07-10,6408,7662,5
750,2024-07-10,966,7662,5
6499,2024-07-10,9557,7662,3
4115,2024-07-10,942,7662,4
4491,2024-07-10,7001,7662,4
555,2024-07-10,10218,9183,5
9471,2024-07-10,1812,7662,5
5693,2024-07-10,3593,7662,5
744,2024-07-10,908,7662,5
1628,2024-07-10,828,7662,5
7713,2024-07-10,10601,7662,1
7845,2024-07-10,6298,7662,5
5443,2024-07-10,11418,7662,5
8368,2024-07-10,2982,7662,5
1723,2024-07-10,6451,7662,5
3280,2024-07-10,319,7662,2
7081,2024-07-10,4073,7662,5
6253,2024-07-10,3108,7662,5
188,2024-07-10,1266,7662,4
3387,2024-07-10,9236,7662,2
5656,2024-07-10,9272,7662,5
7272,2024-07-10,1661,7662,3
6301,2024-07-10,11402,7662,5
5605,2024-07-10,2982,7662,5
5609,2024-07-10,7720,7662,5
7793,2024-07-10,553,7662,5
464,2024-07-10,8701,7662,2
5033,2024-07-10,7389,7662,5
7490,2024-07-10,6451,7662,5
5815,2024-07-10,10120,7662,5
4428,2024-07-10,10218,7662,5
4315,2024-07-10,10013,7662,5
2319,2024-07-10,1466,7662,4
4897,2024-07-10,9091,7662,4
1268,2024-07-10,7856,7662,5
7266,2024-07-10,6896,7662,5
2941,2024-07-10,6404,7662,5
8262,2024-07-10,9866,7662,4
1411,2024-07-10,7593,7662,5
4092,2024-07-10,414,7662,5
7642,2024-07-10,2779,7662,4
4126,2024-07-10,613,7662,3
9018,2024-07-10,216,7662,4
9129,2024-07-10,6467,7662,5
4045,2024-07-10,5152,7662,5
1506,2024-07-10,8354,7662,5
2163,2024-07-10,2529,7662,5
2036,2024-07-10,9740,7662,5
4921,2024-07-10,4461,7662,3
8956,2024-07-10,9353,7662,5
2571,2024-07-10,4009,7662,5
3106,2024-07-10,11247,7662,2
7831,2024-07-10,7358,7662,5
41,2024-07-10,10328,7662,5
7450,2024-07-10,11247,7662,1
2917,2024-07-10,6404,7662,4
7910,2024-07-10,10008,7662,5
3505,2024-07-10,10218,7662,4
8845,2024-07-10,10328,7662,4
1866,2024-07-10,2779,7662,5
2119,2024-07-10,4142,7662,4
3923,2024-07-10,10768,7662,5
206,2024-07-10,9079,7662,5
6065,2024-07-10,664,7662,5
9081,2024-07-10,664,7662,4
8673,2024-07-10,1045,7662,5
18,2024-07-10,1360,7662,4
9771,2024-07-10,7135,7662,4
1902,2024-07-10,1047,7662,5
5002,2024-07-10,11253,7662,5
3582,2024-07-10,2069,7662,5
5999,2024-07-10,10470,7662,1
3737,2024-07-10,10737,7662,4
9208,2024-07-10,4679,7662,4
4603,2024-07-10,613,7662,4
1712,2024-07-10,1045,7662,5
2487,2024-07-10,1977,7662,4
8399,2024-07-10,9302,7662,5
8748,2024-07-10,4462,7662,5
6606,2024-07-10,8779,7662,5
3386,2024-07-10,5302,7662,5
1992,2024-07-10,1029,7662,5
5533,2024-07-10,8452,7662,5
14,2024-07-10,4934,7662,5
3369,2024-07-10,4608,7662,5
3615,2024-07-10,6719,7662,5
2390,2024-07-10,4934,7662,4
569,2024-07-10,11576,7662,4
3133,2024-07-10,9754,7662,5
457,2024-07-10,11733,7662,5
485,2024-07-10,1431,7662,5
3562,2024-07-10,10106,7662,4
7292,2024-07-10,7552,7662,5
9415,2024-07-10,9172,7662,4
8695,2024-07-10,7022,7662,4
5203,2024-07-10,9720,7662,4
3778,2024-07-10,3048,7662,5
4956,2024-07-10,7704,7662,5
9958,2024-07-10,1735,7662,4
4064,2024-07-10,8681,7662,5
6720,2024-07-10,6728,7662,5
7520,2024-07-10,4287,7662,4
5553,2024-07-10,4494,7662,5
2284,2024-07-10,4287,7662,5
6872,2024-07-10,10371,7662,5
8872,2024-07-10,3180,7662,4
3677,2024-07-10,9787,7662,5
4870,2024-07-10,5977,7662,5
8754,2024-07-10,5906,7662,5
4081,2024-07-10,1451,7662,5
3536,2024-07-10,7029,7662,5
3209,2024-07-10,8595,7662,5
5184,2024-07-10,613,7662,5
5917,2024-07-10,10470,7662,2
5883,2024-07-10,4222,7662,5
2041,2024-07-10,10470,7662,1
1436,2024-07-10,1872,7662,5
8426,2024-07-10,3892,7662,5
4832,2024-07-10,1417,7662,4
7151,2024-07-10,9964,7662,5
1831,2024-07-10,10218,7662,4
6005,2024-07-10,2197,7662,5
4652,2024-07-10,175,7662,5
2149,2024-07-10,9090,7662,5
8003,2024-07-10,10218,6495,4
3875,2024-07-10,4443,7662,4
4771,2024-07-10,2922,7662,3
7672,2024-07-10,2523,7662,4
8784,2024-07-10,508,7662,5
1597,2024-07-10,6124,7662,5
4334,2024-07-10,3292,7662,4
7146,2024-07-10,11157,7662,4
2552,2024-07-10,2051,7662,5
1228,2024-07-10,8868,7662,5
4050,2024-07-10,2442,7662,4
5422,2024-07-10,11523,7662,5
9835,2024-07-10,9318,7662,5
6873,2024-07-10,3212,7662,5
4407,2024-07-10,9993,7662,1
3661,2024-07-10,4462,7662,5
2256,2024-07-10,11018,7662,5
1887,2024-07-10,9841,7662,5
9190,2024-07-10,4434,7662,4
4811,2024-07-10,2051,7662,5
1552,2024-07-10,1998,7662,5
4415,2024-07-10,8755,7662,5
2448,2024-07-10,9177,7662,5
9451,2024-07-10,6911,7662,4
2203,2024-07-10,11523,7662,4
2805,2024-07-10,5752,7662,5
5945,2024-07-10,553,7662,4
3782,2024-07-10,5034,7662,5
9084,2024-07-10,80,7662,5
6263,2024-07-10,10427,7662,5
261,2024-07-10,7202,7662,4
8445,2024-07-10,6911,7662,5
2737,2024-07-10,7730,7662,3
2321,2024-07-10,6975,7662,4
6725,2024-07-10,8912,7662,5
3483,2024-07-10,4443,7662,5
6367,2024-07-10,3548,7662,5
9362,2024-07-10,7336,7662,4
8381,2024-07-10,699,7662,5
6776,2024-07-10,390,7662,5
8466,2024-07-10,4442,8773,1
4626,2024-07-10,11313,7662,5
1862,2024-07-10,8196,7662,5
4777,2024-07-10,9910,7662,5
8968,2024-07-10,10255,7662,4
8404,2024-07-10,7709,7662,5
5588,2024-07-10,4890,7662,5
2247,2024-07-10,5568,7662,4
4463,2024-07-10,4756,7662,5
5657,2024-07-10,3095,7662,5
6339,2024-07-10,3591,7662,5
8727,2024-07-10,5568,7662,5
283,2024-07-10,8238,7662,5
2916,2024-07-10,11253,7662,5
6352,2024-07-10,2937,7662,5
7469,2024-07-10,4816,7662,5
3486,2024-07-10,3515,7662,5
1790,2024-07-10,4628,7662,5
3817,2024-07-10,7994,7662,5
6128,2024-07-10,4568,7662,5
6645,2024-07-10,8455,7662,5
7120,2024-07-10,6297,7662,5
5940,2024-07-10,1217,7662,4
492,2024-07-10,11686,7662,5
813,2024-07-10,7472,7662,3
5756,2024-07-10,2421,7662,5
6202,2024-07-10,7115,7662,5
7526,2024-07-10,198,7662,5
7747,2024-07-10,11548,7662,5
1476,2024-07-10,11686,7662,4
1284,2024-07-10,8052,7662,5
3910,2024-07-10,9101,7662,5
5861,2024-07-10,2340,7662,5
4172,2024-07-10,11686,7662,5
6297,2024-07-10,11219,7662,5
301,2024-07-10,5812,7662,5
9395,2024-07-10,188,7662,5
9528,2024-07-10,3591,7662,4
3272,2024-07-10,4400,7662,5
8269,2024-07-10,11219,7662,4
2943,2024-07-10,11307,7662,5
7163,2024-07-10,1343,7662,5
4915,2024-07-10,3591,7662,5
7665,2024-07-10,9833,7662,5
9828,2024-07-10,11219,7662,5
8334,2024-07-10,11583,7662,5
8419,2024-07-10,7220,7662,5
8562,2024-07-10,9625,7662,3
6067,2024-07-10,1188,7662,5
9922,2024-07-10,10830,7662,5
2707,2024-07-10,1164,7662,4
5649,2024-07-10,9662,7662,5
1298,2024-07-10,4976,7662,4
7011,2024-07-10,1188,7662,5
5373,2024-07-10,1164,7662,5
1495,2024-07-10,8307,7662,5
5329,2024-07-10,3305,7662,5
1588,2024-07-10,7823,7662,5
2421,2024-07-10,1164,7662,5
6020,2024-07-10,9651,7662,2
9156,2024-07-10,2542,7662,5
3816,2024-07-10,1154,7662,5
8314,2024-07-10,6345,7662,5
6413,2024-07-10,1184,7662,5
8427,2024-07-10,9107,7662,5
719,2024-07-10,7407,7662,5
3032,2024-07-10,4984,7662,5
6342,2024-07-10,5679,7662,5
6679,2024-07-10,4568,7662,4
918,2024-07-10,1155,7662,5
7111,2024-07-10,10218,7662,5
1649,2024-07-10,7407,7662,4
3312,2024-07-10,7246,7662,5
5018,2024-07-10,7407,7662,5
3213,2024-07-10,8968,7662,5
3423,2024-07-10,705,7662,5
9868,2024-07-10,6315,7662,5
9374,2024-07-10,10579,7662,5
7794,2024-07-10,10026,7662,4
6770,2024-07-10,8967,7662,5
2829,2024-07-10,4208,7662,5
8469,2024-07-10,3441,7662,5
7441,2024-07-10,4024,7662,5
5253,2024-07-10,6520,7662,5
3818,2024-07-10,6770,7662,5
8310,2024-07-10,8005,7662,5
2131,2024-07-10,4984,7662,5
4581,2024-07-10,7219,7662,5
8071,2024-07-10,11795,7662,5
1692,2024-07-10,10064,7662,5
4850,2024-07-10,8796,7662,1
816,2024-07-10,8535,7662,5
8375,2024-07-10,10151,7662,5
8119,2024-07-10,4652,7662,5
6690,2024-07-10,10853,7662,5
4001,2024-07-10,7401,7662,5
1624,2024-07-10,2537,7662,5
556,2024-07-10,5196,7662,5
9727,2024-07-10,7614,7662,5
3762,2024-07-10,181,7662,5
2906,2024-07-10,1178,7662,3
5489,2024-07-10,1217,7662,5
3941,2024-07-10,9492,7662,5
7789,2024-07-10,2319,7662,5
3287,2024-07-10,6511,7662,5
3189,2024-07-10,2568,7662,5
689,2024-07-10,6511,7662,4
473,2024-07-10,1786,7662,5
8883,2024-07-10,2975,7662,5
6405,2024-07-10,6511,7662,5
8414,2024-07-10,10715,7662,5
2656,2024-07-10,10191,7662,5
3474,2024-07-10,10084,7662,5
5143,2024-07-10,2785,7662,1
7420,2024-07-10,4264,7662,5
2283,2024-07-10,1591,7662,5
7934,2024-07-10,87,7662,4
8744,2024-07-10,5057,7662,5
2683,2024-07-10,6212,7662,5
1106,2024-07-10,441,7662,5
8767,2024-07-10,4321,7662,5
4248,2024-07-10,5029,7662,3
5967,2024-07-10,11195,7662,5
4595,2024-07-10,11816,7662,5
5426,2024-07-10,6212,7662,4
3511,2024-07-10,2736,7662,4
7700,2024-07-10,9705,7662,5
8667,2024-07-10,6212,7662,5
6066,2024-07-10,4024,7662,5
8015,2024-07-10,10686,7662,3
7843,2024-07-10,4818,7662,5
6160,2024-07-10,6559,7662,5
7176,2024-07-10,8482,7662,5
8639,2024-07-10,5333,7662,5
7498,2024-07-10,6112,7662,5
5665,2024-07-10,6770,7662,5
6099,2024-07-10,10606,7662,5
3563,2024-07-10,10780,7662,5
3929,2024-07-10,9797,7662,4
9403,2024-07-10,2080,7662,5
6764,2024-07-10,707,7662,5
7256,2024-07-10,11136,7662,5
9971,2024-07-10,10030,7662,5
5465,2024-07-10,5161,7662,5
8514,2024-07-10,3218,7662,5
2835,2024-07-10,5098,7662,5
909,2024-07-10,4564,7662,5
6760,2024-07-10,7516,7662,5
136,2024-07-10,9076,7662,5
4606,2024-07-10,4376,7662,5
911,2024-07-10,9420,7662,5
3814,2024-07-10,9456,7662,5
2320,2024-07-10,5098,7662,4
5832,2024-07-10,2736,7662,5
2663,2024-07-10,6372,7662,5
2927,2024-07-10,10996,7662,5
1851,2024-07-10,10066,7662,5
6823,2024-07-10,1581,7662,5
4676,2024-07-10,2736,7662,4
3795,2024-07-10,11160,7662,5
8045,2024-07-10,11596,7662,5
3627,2024-07-10,9625,7662,5
8440,2024-07-10,2005,7662,5
1199,2024-07-10,6661,7662,5
6465,2024-07-10,4386,7662,5
4182,2024-07-10,9329,7662,5
4174,2024-07-10,4044,7662,4
8589,2024-07-10,2586,7662,5
1794,2024-07-10,6968,7662,5
3024,2024-07-10,2296,7662,5
7046,2024-07-10,1234,7662,5
8435,2024-07-10,4227,7662,5
2803,2024-07-10,11476,7662,5
4668,2024-07-10,316,7662,4
2379,2024-07-10,10240,7662,5
1422,2024-07-10,2865,7662,5
8720,2024-07-10,316,7662,5
6324,2024-07-10,11018,7662,5
8665,2024-07-10,5609,7662,5
7692,2024-07-10,4311,7662,5
8500,2024-07-10,6657,7662,5
2026,2024-07-10,9625,7662,5
3638,2024-07-10,11558,7662,5
2856,2024-07-10,5003,7662,5
9792,2024-07-10,4890,7662,5
7896,2024-07-10,3268,7662,4
9819,2024-07-10,6044,7662,4
1619,2024-07-10,9483,7662,5
2138,2024-07-10,10240,7662,5
3479,2024-07-10,5810,7662,5
6077,2024-07-10,5587,7662,5
8868,2024-07-10,6472,7662,5
2128,2024-07-10,3250,7662,5
9225,2024-07-10,8234,7662,5
1016,2024-07-10,2789,4287,1
9088,2024-07-10,2586,7662,5
4349,2024-07-10,1217,7662,5
1181,2024-07-10,5196,7662,5
5306,2024-07-10,1819,7662,4
5229,2024-07-10,9025,7662,5
482,2024-07-10,9297,7662,5
2415,2024-07-10,4166,7662,5
4440,2024-07-10,3187,7662,5
3294,2024-07-10,9777,7662,5
2106,2024-07-10,7105,7662,5
2726,2024-07-10,2721,7662,5
6464,2024-07-10,1178,7662,4
8206,2024-07-10,4434,7662,3
3657,2024-07-10,6910,7662,5
5470,2024-07-10,10597,7662,5
83,2024-07-10,36,7662,5
1296,2024-07-10,4290,7662,4
3122,2024-07-10,10135,7662,5
2841,2024-07-10,4044,7662,5
6747,2024-07-10,1542,7662,5
8437,2024-07-10,4996,7662,5
3658,2024-07-10,7823,7662,3
5563,2024-07-10,10480,7662,5
6182,2024-07-10,2984,7662,5
4618,2024-07-10,5286,7662,5
8275,2024-07-10,3382,7662,5
8181,2024-07-10,1503,7662,5
2371,2024-07-10,5074,7662,5
2179,2024-07-10,6959,7662,5
6618,2024-07-10,8346,7662,5
4682,2024-07-10,7412,7662,5
9606,2024-07-10,2249,7662,5
5633,2024-07-10,5366,7662,5
4203,2024-07-10,11152,7662,5
2434,2024-07-10,5928,7662,4
6556,2024-07-10,9882,7662,5
7816,2024-07-10,1728,7662,5
1957,2024-07-10,2347,7662,3
2226,2024-07-10,5765,7662,5
3691,2024-07-10,366,7662,5
2374,2024-07-10,8648,7662,5
342,2024-07-10,7088,7662,5
7603,2024-07-10,5012,7662,5
4678,2024-07-10,4046,7662,4
1994,2024-07-10,10110,7662,5
3074,2024-07-10,2944,7662,5
8737,2024-07-10,8738,7662,5
326,2024-07-10,11081,7662,5
941,2024-07-10,8907,7662,5
9021,2024-07-10,334,7662,5
8479,2024-07-10,5364,7662,5
2005,2024-07-10,10698,7662,1
9794,2024-07-10,4978,7662,4
9193,2024-07-10,3834,7662,5
3810,2024-07-10,10573,7662,5
8297,2024-07-10,5806,7662,5
3384,2024-07-10,2944,7662,5
2929,2024-07-10,3181,7662,5
9939,2024-07-10,3948,7662,5
3419,2024-07-10,2225,7662,5
8793,2024-07-10,11777,7662,4
5714,2024-07-10,5212,7662,4
6966,2024-07-10,519,7662,5
9381,2024-07-10,10111,7662,5
1502,2024-07-10,7969,7662,5
9188,2024-07-10,1533,7662,5
386,2024-07-10,9034,7662,5
7584,2024-07-10,6792,7662,5
2532,2024-07-10,9177,7662,5
4185,2024-07-10,5548,7662,5
477,2024-07-10,7969,7662,5
5746,2024-07-10,3041,7662,5
920,2024-07-10,8698,7662,5
4369,2024-07-10,8269,7662,5
3937,2024-07-10,5700,7662,5
4797,2024-07-10,9355,7662,5
3080,2024-07-10,5700,7662,5
2404,2024-07-10,11308,7662,5
4236,2024-07-10,11082,7662,5
3512,2024-07-10,11293,7662,5
6807,2024-07-10,9666,7662,5
8430,2024-07-10,63,7662,5
7817,2024-07-10,4731,7662,4
1467,2024-07-10,11308,7662,5
5392,2024-07-10,4319,7662,5
4079,2024-07-10,2081,7662,4
6642,2024-07-10,2504,7662,5
9209,2024-07-10,8545,7662,5
6857,2024-07-10,11691,7662,5
534,2024-07-10,4619,7662,5
9577,2024-07-10,10141,7662,5
135,2024-07-10,10588,7662,5
491,2024-07-10,8426,7662,5
4722,2024-07-10,10013,7662,3
1084,2024-07-10,1819,7662,5
6046,2024-07-10,8002,7662,5
7670,2024-07-10,11691,7662,4
5076,2024-07-10,7323,7662,5
6041,2024-07-10,8196,7662,5
6150,2024-07-10,2347,7662,4
9853,2024-07-10,9339,7662,5
5258,2024-07-10,9806,7662,5
8519,2024-07-10,1351,7662,5
9397,2024-07-10,8013,7662,5
6207,2024-07-10,7315,7662,5
8283,2024-07-10,5735,7662,5
4635,2024-07-10,3041,7662,4
6908,2024-07-10,6043,7662,1
1333,2024-07-10,8026,7662,5
9418,2024-07-10,4731,7662,4
2924,2024-07-10,3001,7662,5
1332,2024-07-10,9587,7662,5
4007,2024-07-10,1353,7662,5
9411,2024-07-10,6283,7662,5
330,2024-07-10,569,7662,5
4176,2024-07-10,995,7662,5
2839,2024-07-10,8209,7662,5
3071,2024-07-10,7162,7662,5
2762,2024-07-10,2347,7662,5
1035,2024-07-10,3588,7662,5
2127,2024-07-10,6186,7662,5
182,2024-07-10,7506,7662,1
4660,2024-07-10,10352,7662,5
9604,2024-07-10,8890,7662,5
542,2024-07-10,9035,7662,5
2554,2024-07-10,4986,7662,5
7116,2024-07-10,4813,7662,5
9526,2024-07-10,6911,7662,5
2002,2024-07-10,10235,7662,5
9884,2024-07-10,11528,8448,2
8415,2024-07-10,1498,7662,5
2477,2024-07-10,7150,7662,5
3372,2024-07-10,8760,7662,5
9493,2024-07-10,3998,7662,5
1454,2024-07-10,7202,7662,5
440,2024-07-10,6634,7662,4
4655,2024-07-10,1129,7662,4
4358,2024-07-10,328,7662,5
9300,2024-07-10,9247,7662,4
4574,2024-07-10,5746,7662,5
8277,2024-07-10,2891,7662,5
1342,2024-07-10,5517,7662,5
3425,2024-07-10,7969,7662,5
9147,2024-07-10,1895,7662,5
6442,2024-07-10,546,7662,5
7177,2024-07-10,2889,7662,2
4699,2024-07-10,286,7662,5
190,2024-07-10,10324,7662,5
876,2024-07-10,5173,7662,4
960,2024-07-10,546,7662,5
8137,2024-07-10,2347,7662,5
4784,2024-07-10,9247,7662,5
1032,2024-07-10,9159,7662,5
3395,2024-07-10,9159,7662,4
3796,2024-07-10,5173,7662,5
1485,2024-07-10,10948,7662,1
961,2024-07-10,1874,7662,5
1677,2024-07-10,6230,7662,5
7240,2024-07-10,5928,7662,5
4813,2024-07-10,8406,7662,5
8443,2024-07-10,1600,7662,5
9070,2024-07-10,11306,7662,4
2971,2024-07-10,9339,7662,5
6535,2024-07-10,946,7662,5
1382,2024-07-10,10339,7662,5
6436,2024-07-10,3426,7662,5
7076,2024-07-10,7855,7662,5
4602,2024-07-10,10016,7662,5
7367,2024-07-10,11691,7662,5
8356,2024-07-10,6322,7662,5
8291,2024-07-10,11622,7662,5
1226,2024-07-10,1887,7662,5
808,2024-07-10,6794,7662,5
8511,2024-07-10,6078,7662,5
6322,2024-07-10,2347,7662,4
7222,2024-07-10,11691,7662,5
7210,2024-07-10,421,7662,5
9134,2024-07-10,1889,7662,4
1601,2024-07-10,4731,7662,5
3275,2024-07-10,1074,7662,5
5925,2024-07-10,1494,7662,3
5919,2024-07-10,1533,7662,5
1225,2024-07-10,6322,7662,5
6728,2024-07-10,3719,7662,5
4775,2024-07-10,8491,7662,5
2566,2024-07-10,3969,7662,5
4479,2024-07-10,3041,7662,5
7897,2024-07-10,3942,7662,4
6410,2024-07-10,465,7662,5
5947,2024-07-10,6975,7662,4
3739,2024-07-10,11673,7662,5
1046,2024-07-10,9123,7662,4
797,2024-07-10,8134,7662,5
7922,2024-07-10,527,7662,5
9670,2024-07-10,9123,7662,5
6104,2024-07-10,5790,7662,5
4275,2024-07-10,1650,7662,5
758,2024-07-10,6354,7662,5
4426,2024-07-10,3891,7662,5
2555,2024-07-10,808,7662,5
5376,2024-07-10,11327,7662,5
3507,2024-07-10,2961,7662,5
6923,2024-07-10,9641,7662,5
3841,2024-07-10,8010,7662,5
3914,2024-07-10,9641,7662,4
1817,2024-07-10,11327,7662,3
9023,2024-07-10,9641,7662,5
9040,2024-07-10,7722,7662,5
626,2024-07-10,2152,7662,4
6147,2024-07-10,3123,7662,5
6164,2024-07-10,6571,7662,1
3488,2024-07-10,10607,7662,5
3871,2024-07-10,4084,7662,5
6832,2024-07-10,8387,7662,5
2347,2024-07-10,7734,7662,3
6985,2024-07-10,10603,7662,5
4396,2024-07-10,8848,7662,5
1960,2024-07-10,9447,7662,5
9555,2024-07-10,7734,7662,4
1691,2024-07-10,5367,7662,5
4599,2024-07-10,9873,7662,5
1364,2024-07-10,10044,7662,5
9592,2024-07-10,7389,7662,5
1078,2024-07-10,2190,7662,4
9042,2024-07-10,5652,7662,5
9834,2024-07-10,1731,7662,5
6566,2024-07-10,2190,7662,5
2773,2024-07-10,10478,7662,5
1420,2024-07-10,2426,7662,4
5476,2024-07-10,5723,7662,1
3245,2024-07-10,6763,7662,5
9109,2024-07-10,11675,7662,5
9222,2024-07-10,9282,7662,5
1490,2024-07-10,10044,7662,5
3480,2024-07-10,329,7662,5
7228,2024-07-10,9813,7662,5
3636,2024-07-10,9282,7662,4
3834,2024-07-10,9742,7662,5
3389,2024-07-10,9123,7662,5
3306,2024-07-10,1680,7662,1
2030,2024-07-10,8324,7662,5
7393,2024-07-10,2961,7662,5
9432,2024-07-10,11436,7662,5
8627,2024-07-10,936,7662,5
5964,2024-07-10,7008,7662,5
4808,2024-07-10,9123,7662,5
7919,2024-07-10,10039,7662,5
2991,2024-07-10,2961,7662,5
9361,2024-07-10,131,7662,5
5694,2024-07-10,1087,7662,5
9427,2024-07-10,7192,7662,5
4941,2024-07-10,2426,7662,5
4385,2024-07-10,8727,7662,5
9659,2024-07-10,8521,7662,5
6603,2024-07-10,3285,7662,5
3740,2024-07-10,4962,7662,1
7213,2024-07-10,10938,7662,5
168,2024-07-10,6410,7662,5
9135,2024-07-10,11459,7662,5
5779,2024-07-10,523,7662,5
4322,2024-07-10,289,7662,5
839,2024-07-10,1970,7662,5
8738,2024-07-10,1801,7662,5
1615,2024-07-10,11459,7662,5
6684,2024-07-10,9639,7662,3
7354,2024-07-10,8119,7662,5
3780,2024-07-10,8453,7662,4
8172,2024-07-10,2006,7662,5
4040,2024-07-10,8900,7662,5
1388,2024-07-10,1974,7662,5
4658,2024-07-10,5780,7662,1
3244,2024-07-10,6420,7662,5
3084,2024-07-10,10217,7662,5
2651,2024-07-10,6029,7662,5
5510,2024-07-10,171,7662,5
3612,2024-07-10,2086,7662,2
7495,2024-07-10,11746,7662,3
9082,2024-07-10,1526,7662,5
6651,2024-07-10,4298,7662,5
7265,2024-07-10,8677,7662,5
6407,2024-07-10,9554,7662,5
7920,2024-07-10,171,7662,5
1993,2024-07-10,4994,7662,5
5316,2024-07-10,4994,7662,4
8917,2024-07-10,6809,7662,5
2771,2024-07-10,3841,7662,5
7036,2024-07-10,9881,7662,4
8167,2024-07-10,4994,7662,5
4794,2024-07-10,9869,7662,5
1569,2024-07-10,10408,7662,5
2500,2024-07-10,4361,7662,5
4927,2024-07-10,3822,7662,1
6528,2024-07-10,5254,7662,5
1205,2024-07-10,11425,7662,4
239,2024-07-10,7549,7662,4
2915,2024-07-10,1213,7662,5
4068,2024-07-10,3620,7662,5
701,2024-07-10,991,7662,5
2782,2024-07-10,3620,7662,4
2239,2024-07-10,3952,7662,5
655,2024-07-10,11719,7662,5
1148,2024-07-10,4213,7662,5
6500,2024-07-10,3620,7662,5
4564,2024-07-10,264,7662,5
8635,2024-07-10,171,7662,4
6668,2024-07-10,11415,7662,5
7143,2024-07-10,8927,7662,5
8463,2024-07-10,2448,7662,5
1012,2024-07-10,10899,7662,4
7360,2024-07-10,2967,7662,5
9531,2024-07-10,1639,7662,5
3703,2024-07-10,2923,7662,5
3368,2024-07-10,2923,7662,5
9784,2024-07-10,5738,7662,4
6129,2024-07-10,5738,7662,4
8048,2024-07-10,5738,7662,4
6981,2024-07-10,7670,7662,5
1602,2024-07-10,8296,7662,5
4916,2024-07-10,2755,7662,5
7273,2024-07-10,4809,7662,5
1156,2024-07-10,9637,7662,5
6631,2024-07-10,2532,7662,5
4620,2024-07-10,1287,7662,5
1987,2024-07-10,2604,7662,4
5976,2024-07-10,10651,7662,5
6723,2024-07-10,124,7662,5
4729,2024-07-10,1287,7662,4
5812,2024-07-10,8781,7662,5
4766,2024-07-10,3120,7662,5
717,2024-07-10,2323,7662,5
3734,2024-07-10,3002,7662,5
6265,2024-07-10,2604,7662,5
8555,2024-07-10,4150,7662,5
8666,2024-07-10,20,7662,5
2288,2024-07-10,8781,7662,3
3091,2024-07-10,9430,7662,2
9536,2024-07-10,3954,7662,5
1211,2024-07-10,1287,7662,5
2855,2024-07-10,6196,7662,5
1767,2024-07-10,4916,7662,5
9167,2024-07-10,6196,7662,4
3382,2024-07-10,11460,7662,5
9954,2024-07-10,11846,7662,5
2066,2024-07-10,2917,7662,5
4546,2024-07-10,6919,9417,1
8401,2024-07-10,3272,7662,5
9617,2024-07-10,10166,7662,5
6043,2024-07-10,8155,7662,5
91,2024-07-10,628,7662,3
2325,2024-07-10,2699,7662,5
1879,2024-07-10,2224,7662,5
4719,2024-07-10,9149,7662,5
2313,2024-07-10,10051,7662,5
9114,2024-07-10,2866,7662,5
3330,2024-07-10,2377,7662,3
6165,2024-07-10,7368,7662,5
4005,2024-07-10,3364,7662,5
2025,2024-07-10,6353,7662,5
3331,2024-07-10,4531,7662,5
178,2024-07-10,2791,7662,3
7973,2024-07-10,9105,7662,5
6158,2024-07-10,3508,7662,5
6285,2024-07-10,5004,7662,3
5299,2024-07-10,8775,7662,5
137,2024-07-10,10325,7662,4
8949,2024-07-10,11014,7662,5
9861,2024-07-10,7751,7662,5
4073,2024-07-10,10746,7662,5
3644,2024-07-10,1210,7662,3
8626,2024-07-10,9516,7662,5
3191,2024-07-10,5388,7662,5
1663,2024-07-10,552,7662,5
2712,2024-07-10,5388,7662,5
7727,2024-07-10,10020,7662,5
9903,2024-07-10,5021,7662,5
2625,2024-07-10,11575,7662,5
7294,2024-07-10,5021,7662,5
6564,2024-07-10,978,7662,2
4162,2024-07-10,11295,7662,5
7972,2024-07-10,11267,7662,5
9125,2024-07-10,1081,7662,5
7607,2024-07-10,8613,7662,5
5604,2024-07-10,252,7662,5
3211,2024-07-10,10337,7662,5
4478,2024-07-10,9720,7662,5
9138,2024-07-10,6895,7662,5
6665,2024-07-10,7747,7662,5
2706,2024-07-10,4726,7662,4
4292,2024-07-10,1172,7662,5
1954,2024-07-10,11413,7662,5
9401,2024-07-10,10881,7662,5
1510,2024-07-10,8714,7662,5
7582,2024-07-10,3887,7662,4
4520,2024-07-10,6128,7662,5
6001,2024-07-10,613,7662,5
674,2024-07-10,6735,7662,5
508,2024-07-10,9570,7662,5
1438,2024-07-10,2823,7662,5
9690,2024-07-10,5724,7662,4
2018,2024-07-10,5724,7662,3
2460,2024-07-10,2447,7662,5
2065,2024-07-10,938,7662,5
2790,2024-07-10,8766,7662,5
1312,2024-07-10,613,7662,5
6333,2024-07-10,7621,5182,1
1646,2024-07-10,8746,7662,3
1062,2024-07-10,3005,7662,5
3346,2024-07-10,5715,7662,5
496,2024-07-10,8746,7662,5
4944,2024-07-10,741,7662,5
278,2024-07-10,5670,7662,4
1882,2024-07-10,4705,7662,5
7322,2024-07-10,5081,7662,5
3791,2024-07-10,3188,7662,5
7500,2024-07-10,9814,7662,5
4361,2024-07-10,10590,7662,5
621,2024-07-10,1675,7662,5
1788,2024-07-10,11328,7662,3
9230,2024-07-10,7000,7662,5
651,2024-07-10,3884,7662,3
9301,2024-07-10,8649,7662,4
1534,2024-07-10,6804,7662,5
1760,2024-07-10,4942,7662,4
5710,2024-07-10,10163,7662,5
5135,2024-07-10,5983,7662,5
3849,2024-07-10,966,7662,4
3181,2024-07-10,10854,7662,5
2562,2024-07-10,8389,7662,5
9034,2024-07-10,7151,7662,5
7140,2024-07-10,6007,7662,5
1439,2024-07-10,5897,7662,5
9645,2024-07-10,567,7662,5
1037,2024-07-10,6007,7662,4
8729,2024-07-10,7660,7662,5
4402,2024-07-10,567,7662,3
6346,2024-07-10,2335,7662,5
6580,2024-07-10,3222,7662,5
590,2024-07-10,3222,7662,5
7254,2024-07-10,6007,7662,5
5521,2024-07-10,3222,7662,5
6798,2024-07-10,11097,7662,5
446,2024-07-10,3133,7662,5
7212,2024-07-10,272,7662,5
4975,2024-07-10,7706,7662,5
4555,2024-07-10,7697,7662,4
5871,2024-07-10,10463,7662,5
6196,2024-07-10,4942,7662,5
7545,2024-07-10,1987,7662,5
219,2024-07-10,7706,7662,5
2933,2024-07-10,9014,7662,5
7069,2024-07-10,6770,7662,4
5371,2024-07-10,10419,7662,4
6002,2024-07-10,1802,7662,5
5337,2024-07-10,4583,7662,5
2011,2024-07-10,4072,7662,5
3718,2024-07-10,600,7662,5
5230,2024-07-10,7697,7662,3
7585,2024-07-10,7092,7662,5
2677,2024-07-10,6544,7662,5
9733,2024-07-10,7697,7662,3
1121,2024-07-10,3945,7662,5
7599,2024-07-10,5139,7662,3
8139,2024-07-10,9947,7662,5
9390,2024-07-10,8392,7662,5
6089,2024-07-10,1997,7662,5
8434,2024-07-10,1997,7662,5
1579,2024-07-10,11522,7662,4
4327,2024-07-10,295,7662,4
345,2024-07-10,7717,7662,5
5492,2024-07-10,6544,7662,5
7352,2024-07-10,1653,7662,5
1384,2024-07-10,6630,7662,5
9060,2024-07-10,10727,7662,5
8136,2024-07-10,7851,7662,5
7032,2024-07-10,8957,7662,5
8551,2024-07-10,11596,7662,4
9420,2024-07-10,8211,7662,5
2582,2024-07-10,6121,7662,5
10001,2024-07-10,4397,7662,5
9469,2024-07-10,11804,7662,5
1451,2024-07-10,6583,7662,5
7861,2024-07-10,746,7662,5
3212,2024-07-10,730,7662,5
6861,2024-07-10,6414,7662,5
1286,2024-07-10,692,7662,5
2526,2024-07-10,5452,7662,5
8340,2024-07-10,3350,7662,1
9693,2024-07-10,6630,7662,5
8186,2024-07-10,4643,7662,5
5591,2024-07-10,11068,7662,5
4858,2024-07-10,7365,7662,3
3559,2024-07-10,58,7662,5
5939,2024-07-10,10124,7662,3
636,2024-07-10,1588,795,1
3043,2024-07-10,4432,7662,5
7186,2024-07-10,11697,7662,5
128,2024-07-10,4696,7662,5
3430,2024-07-10,730,7662,5
5034,2024-07-10,9673,7662,5
778,2024-07-10,2482,7662,5
329,2024-07-10,10435,7662,5
4816,2024-07-10,5008,7662,5
4108,2024-07-10,4621,4287,1
9036,2024-07-10,9778,7662,5
4895,2024-07-10,5454,7662,4
9993,2024-07-10,4087,7662,5
9704,2024-07-10,10967,7662,5
2818,2024-07-10,10662,7662,5
9025,2024-07-10,2715,7662,5
5584,2024-07-10,5244,7662,5
9256,2024-07-10,3009,7662,3
1010,2024-07-10,7426,7662,5
1104,2024-07-10,269,7662,5
6015,2024-07-10,1071,7662,3
1584,2024-07-10,683,7662,5
1940,2024-07-10,9983,7662,5
7977,2024-07-10,5809,7662,5
6576,2024-07-10,683,7662,5
4299,2024-07-10,9102,7662,5
3842,2024-07-10,9727,7662,5
8664,2024-07-10,1725,7662,5
2601,2024-07-10,7906,7662,5
4336,2024-07-10,6316,7662,5
5094,2024-07-10,3009,7662,5
6779,2024-07-10,3350,7662,1
8764,2024-07-10,9183,7662,4
775,2024-07-10,7509,7662,5
6435,2024-07-10,5038,7662,5
1028,2024-07-10,11511,7662,5
9572,2024-07-10,4942,7662,3
1972,2024-07-10,9102,7662,5
6243,2024-07-10,2633,7662,3
5393,2024-07-10,11757,7662,5
8171,2024-07-10,7346,7662,5
8050,2024-07-10,4649,7662,5
1044,2024-07-10,379,7662,5
1511,2024-07-10,3413,7662,3
6320,2024-07-10,9102,7662,5
74,2024-07-10,4230,7662,5
5909,2024-07-10,10787,7662,4
8903,2024-07-10,5411,7662,5
3594,2024-07-10,7710,7662,3
4405,2024-07-10,7789,7662,5
3751,2024-07-10,11355,7662,5
4904,2024-07-10,3104,7662,2
8140,2024-07-10,1313,7662,5
8030,2024-07-10,2695,7662,5
8645,2024-07-10,6556,7662,5
6306,2024-07-10,5638,7662,5
6883,2024-07-10,722,7662,4
6522,2024-07-10,5002,7662,4
8432,2024-07-10,10662,7662,5
3601,2024-07-10,10053,7662,5
2626,2024-07-10,10353,7662,5
8452,2024-07-10,7099,7662,5
9275,2024-07-10,10971,7662,3
2024,2024-07-10,5602,7662,5
8935,2024-07-10,11417,7662,5
4749,2024-07-10,11662,7662,2
1212,2024-07-10,681,7662,5
6098,2024-07-10,1779,7662,5
5314,2024-07-10,6803,7662,4
4732,2024-07-10,11697,7662,5
5646,2024-07-10,6014,7662,5
5283,2024-07-10,730,7662,5
7057,2024-07-10,6863,7662,5
7305,2024-07-10,7250,7662,5
3576,2024-07-10,7863,7662,5
2642,2024-07-10,2748,7662,5
1434,2024-07-10,1205,7662,5
3291,2024-07-10,9225,7662,5
1799,2024-07-10,7299,7662,5
7663,2024-07-10,2970,7662,5
242,2024-07-10,6419,7662,5
5228,2024-07-10,6615,7662,5
176,2024-07-10,8715,7662,5
394,2024-07-10,10686,7662,5
5415,2024-07-10,4175,7662,5
9165,2024-07-10,8417,7662,5
4801,2024-07-10,7553,7662,5
7833,2024-07-10,748,7662,5
4158,2024-07-10,3424,7662,5
947,2024-07-10,1753,7662,4
5419,2024-07-10,11246,7662,5
8647,2024-07-10,5948,7662,5
4590,2024-07-10,7702,7662,5
6279,2024-07-10,11244,7662,4
2224,2024-07-10,3616,7662,5
8858,2024-07-10,649,7662,3
5168,2024-07-10,11146,7662,5
7937,2024-07-10,9763,7662,5
9666,2024-07-10,5782,7662,5
5001,2024-07-10,4008,7662,5
486,2024-07-10,11244,7662,5
4640,2024-07-10,2006,7662,4
4735,2024-07-10,9698,7662,5
962,2024-07-10,1471,7662,5
9396,2024-07-10,5797,7662,4
9736,2024-07-10,10245,7662,5
6669,2024-07-10,1107,7662,5
5679,2024-07-10,11259,7662,5
7217,2024-07-10,6034,7662,5
1313,2024-07-10,10245,7662,4
7968,2024-07-10,1821,7662,5
3007,2024-07-10,11323,7662,5
8304,2024-07-10,9229,7662,5
4508,2024-07-10,7299,7662,4
6437,2024-07-10,11501,7662,5
5920,2024-07-10,2748,7662,5
2635,2024-07-10,670,7662,5
9104,2024-07-10,5149,9183,1
5971,2024-07-10,3413,7662,5
1575,2024-07-10,5699,7662,3
7911,2024-07-10,10388,7662,5
6479,2024-07-10,2243,7662,5
3900,2024-07-10,445,7662,5
6363,2024-07-10,5400,7662,4
5791,2024-07-10,11839,7662,5
3357,2024-07-10,6628,7662,5
3027,2024-07-10,3095,7662,5
6360,2024-07-10,10849,7662,2
2464,2024-07-10,6034,7662,5
1433,2024-07-10,6034,7662,3
5831,2024-07-10,9138,7662,5
6173,2024-07-10,2491,7662,5
8890,2024-07-10,2495,7662,5
5884,2024-07-10,6419,7662,4
1077,2024-07-10,493,7662,5
488,2024-07-10,7501,7662,5
8497,2024-07-10,3100,7662,5
2608,2024-07-10,2630,7662,4
2301,2024-07-10,2821,7662,2
6014,2024-07-10,558,7662,5
8243,2024-07-10,11205,7662,5
4282,2024-07-10,10245,7662,5
2547,2024-07-10,10216,7662,3
6588,2024-07-10,10388,7662,5
4893,2024-07-10,6034,7662,5
3242,2024-07-10,11501,7662,5
9731,2024-07-10,11305,7662,4
9661,2024-07-10,9894,7662,4
9685,2024-07-10,10073,7662,5
5792,2024-07-10,2938,7662,5
1473,2024-07-10,6034,7662,3
6172,2024-07-10,3480,7662,2
1415,2024-07-10,2182,7662,5
9372,2024-07-10,6451,7662,4
4650,2024-07-10,10732,7662,4
1822,2024-07-10,9639,7662,5
8290,2024-07-10,8917,7662,2
1835,2024-07-10,2687,7662,5
2046,2024-07-10,6419,7662,3
3327,2024-07-10,2006,7662,5
3981,2024-07-10,6143,7662,5
1013,2024-07-10,8296,7662,4
2261,2024-07-10,1736,7662,5
5425,2024-07-10,6451,7662,3
1710,2024-07-10,8080,7662,5
3197,2024-07-10,11862,7662,4
3994,2024-07-10,6509,7662,5
7201,2024-07-10,11672,7662,4
309,2024-07-10,2006,7662,5
5914,2024-07-10,11862,7662,5
6029,2024-07-10,7418,7662,5
7538,2024-07-10,224,7662,5
4037,2024-07-10,6102,7662,5
7782,2024-07-10,7854,7662,5
8190,2024-07-10,3124,7662,5
938,2024-07-10,34,7662,5
3285,2024-07-10,11030,7662,5
479,2024-07-10,1984,7662,5
4191,2024-07-10,5713,7662,5
1959,2024-07-10,2993,7662,5
1232,2024-07-10,10767,7662,5
5005,2024-07-10,6361,7662,5
5699,2024-07-10,1984,7662,5
6638,2024-07-10,5376,7662,4
9714,2024-07-10,5426,7662,5
3342,2024-07-10,3211,7662,5
9983,2024-07-10,11007,7662,5
4883,2024-07-10,1984,7662,5
150,2024-07-10,3402,7662,5
5686,2024-07-10,6195,7662,5
8832,2024-07-10,453,7662,5
9329,2024-07-10,9913,7662,5
8930,2024-07-10,2000,7662,5
3076,2024-07-10,3589,7662,1
3963,2024-07-10,3799,7662,5
3797,2024-07-10,8853,7662,5
4983,2024-07-10,4440,7662,5
6862,2024-07-10,1984,7662,4
8853,2024-07-10,2866,7662,4
5244,2024-07-10,7085,7662,5
2875,2024-07-10,7898,7662,4
7328,2024-07-10,11348,7662,5
1683,2024-07-10,7346,7662,4
276,2024-07-10,5453,7662,4
665,2024-07-10,3179,7662,5
5670,2024-07-10,11853,7662,1
874,2024-07-10,5376,7662,5
7970,2024-07-10,10066,7662,5
3392,2024-07-10,1626,7662,5
8885,2024-07-10,10132,7662,3
9987,2024-07-10,10269,7662,5
503,2024-07-10,1169,7662,5
3876,2024-07-10,7205,7662,4
7414,2024-07-10,7292,7662,1
7517,2024-07-10,4096,7662,1
3268,2024-07-10,5109,7662,1
4312,2024-07-10,4032,7662,5
2935,2024-07-10,9785,7662,5
5207,2024-07-10,6979,7662,5
5368,2024-07-10,8400,7662,5
6478,2024-07-10,4835,7662,5
769,2024-07-10,2275,7662,4
8522,2024-07-10,3149,7662,1
9007,2024-07-10,5722,7662,5
1676,2024-07-10,9526,7662,5
8286,2024-07-10,11527,7662,5
5913,2024-07-10,5794,7662,4
7555,2024-07-10,3825,7662,5
6624,2024-07-10,10132,7662,4
1238,2024-07-10,3179,7662,5
1936,2024-07-10,3386,7662,5
364,2024-07-10,1090,7662,3
4272,2024-07-10,1776,7662,4
3415,2024-07-10,9729,7662,5
716,2024-07-10,6183,7662,5
7841,2024-07-10,2178,7662,5
6286,2024-07-10,7077,7662,5
2863,2024-07-10,11390,7662,1
2926,2024-07-10,4435,7662,5
3271,2024-07-10,4453,7662,5
9215,2024-07-10,6183,7662,5
6139,2024-07-10,9252,7662,5
2216,2024-07-10,1085,7662,5
3619,2024-07-10,10806,7662,5
4751,2024-07-10,8087,7662,5
6159,2024-07-10,2943,7662,5
1707,2024-07-10,1383,7662,5
2003,2024-07-10,10066,7662,5
7600,2024-07-10,11708,7662,5
4047,2024-07-10,7427,7662,4
430,2024-07-10,7773,7662,5
1589,2024-07-10,5820,7662,5
6008,2024-07-10,11111,7662,5
2886,2024-07-10,7466,7662,5
4594,2024-07-10,4650,7662,4
70,2024-07-10,8087,7662,5
9335,2024-07-10,7982,7662,5
8520,2024-07-10,11789,7662,5
2143,2024-07-10,6141,7662,5
8992,2024-07-10,3136,7662,5
8931,2024-07-10,11087,7662,4
8550,2024-07-10,10216,7662,5
2267,2024-07-10,11087,7662,5
4697,2024-07-10,11087,7662,5
4984,2024-07-10,918,7662,5
1474,2024-07-10,8847,7662,2
7482,2024-07-10,8847,7662,2
1496,2024-07-10,3833,7662,4
5121,2024-07-10,1553,7662,5
3650,2024-07-10,4493,7662,5
1308,2024-07-10,9534,7662,5
480,2024-07-10,1976,7662,5
3934,2024-07-10,4163,7662,4
4741,2024-07-10,4163,7662,5
9461,2024-07-10,844,7662,5
1305,2024-07-10,1976,7662,5
7077,2024-07-10,1976,7662,4
7083,2024-07-10,7270,7662,5
7030,2024-07-10,2337,7662,5
7683,2024-07-10,5597,7662,5
1627,2024-07-10,2794,7662,5
6538,2024-07-10,2794,7662,5
7525,2024-07-10,613,7662,4
9686,2024-07-10,10378,7662,5
2327,2024-07-10,3072,7662,5
5237,2024-07-10,1976,7662,5
5637,2024-07-10,6059,7662,5
9319,2024-07-10,11628,7662,5
375,2024-07-10,481,7662,5
4004,2024-07-10,8695,7662,5
2604,2024-07-10,3298,7662,5
8765,2024-07-10,11001,7662,5
3120,2024-07-10,4369,7662,5
9122,2024-07-10,481,7662,4
9371,2024-07-10,578,7662,5
6997,2024-07-10,8084,7662,5
2210,2024-07-10,8071,7662,5
7470,2024-07-10,481,7662,5
3861,2024-07-10,5804,4287,1
6467,2024-07-10,1734,7662,5
5302,2024-07-10,11556,7662,5
6792,2024-07-10,1346,7662,5
8093,2024-07-10,3398,7662,3
2101,2024-07-10,6714,7662,5
7302,2024-07-10,7972,7662,5
731,2024-07-10,1010,7662,5
3603,2024-07-10,1010,7662,5
4747,2024-07-10,10321,7662,5
6439,2024-07-10,1636,7662,4
1781,2024-07-10,7315,7662,5
6984,2024-07-10,739,7662,4
9846,2024-07-10,2821,7662,1
1421,2024-07-10,4369,7662,5
1517,2024-07-10,4013,7662,5
1693,2024-07-10,7361,7662,5
9622,2024-07-10,8720,7662,5
3943,2024-07-10,1192,7662,5
3984,2024-07-10,8298,7662,5
8925,2024-07-10,8708,7662,5
7933,2024-07-10,482,7662,5
8981,2024-07-10,5587,7662,5
8391,2024-07-10,9769,7662,5
642,2024-07-10,9913,7662,4
8745,2024-07-10,6005,7662,4
4267,2024-07-10,9386,7662,5
2228,2024-07-10,1287,7662,4
3421,2024-07-10,11306,7662,5
3467,2024-07-10,3616,7662,4
2205,2024-07-10,1287,7662,5
8532,2024-07-10,11150,7662,5
7894,2024-07-10,3616,7662,5
8507,2024-07-10,5244,7662,5
1169,2024-07-10,256,7662,5
9718,2024-07-10,11334,7662,5
4221,2024-07-10,1276,7662,5
4947,2024-07-10,6141,7662,3
4888,2024-07-10,10426,7662,5
5860,2024-07-10,11480,7662,5
5311,2024-07-10,11050,7662,5
9243,2024-07-10,10008,7662,5
6557,2024-07-10,3116,7662,5
6188,2024-07-10,3914,7662,5
2488,2024-07-10,5381,7662,5
7564,2024-07-10,26,7662,5
8557,2024-07-10,5153,7662,5
5895,2024-07-10,6180,7662,5
7411,2024-07-10,9943,7662,5
5017,2024-07-10,6270,7662,5
2537,2024-07-10,2264,7662,3
5449,2024-07-10,3407,7662,5
7572,2024-07-10,515,7662,5
1650,2024-07-10,2732,7662,5
3608,2024-07-10,3941,7662,5
7303,2024-07-10,1691,7662,5
826,2024-07-10,118,7662,5
1673,2024-07-10,9623,7662,4
603,2024-07-10,2668,7662,3
4634,2024-07-10,4700,7662,5
3248,2024-07-10,10451,7662,5
6453,2024-07-10,6842,7662,5
5156,2024-07-10,10150,7662,1
5877,2024-07-10,1954,7662,5
1658,2024-07-10,1954,7662,3
3792,2024-07-10,8240,7662,5
1279,2024-07-10,2531,7662,5
5498,2024-07-10,2049,7662,4
572,2024-07-10,5024,7662,5
7202,2024-07-10,11511,7662,5
9539,2024-07-10,9497,7662,5
1194,2024-07-10,2589,7662,5
369,2024-07-10,1521,7662,1
9497,2024-07-10,9807,7662,5
6975,2024-07-10,10952,7662,5
6440,2024-07-10,10015,7662,5
1958,2024-07-10,1225,7662,4
6652,2024-07-10,4976,7662,3
8531,2024-07-10,4053,7662,3
4058,2024-07-10,636,7662,3
393,2024-07-10,11511,7662,5
6855,2024-07-10,9631,7662,3
8042,2024-07-10,4091,7662,5
9542,2024-07-10,5858,7662,5
4077,2024-07-10,4699,7662,5
6356,2024-07-10,3146,7662,5
8274,2024-07-10,1303,7662,5
2992,2024-07-10,11511,7662,4
5268,2024-07-10,11515,7662,5
6371,2024-07-10,1090,7662,5
576,2024-07-10,3674,7662,5
8350,2024-07-10,9701,7662,4
357,2024-07-10,8768,7662,5
732,2024-07-10,10860,7662,5
5867,2024-07-10,1185,7662,3
9459,2024-07-10,318,7662,1
3109,2024-07-10,9501,7662,3
4139,2024-07-10,6509,7662,5
4128,2024-07-10,583,7662,5
3105,2024-07-10,953,7662,5
1344,2024-07-10,9535,7662,5
3859,2024-07-10,7789,7662,5
8756,2024-07-10,10892,7662,4
5690,2024-07-10,6842,7662,5
6736,2024-07-10,1302,7662,5
5715,2024-07-10,7013,7662,5
7774,2024-07-10,1797,7662,5
8535,2024-07-10,1499,7662,2
44,2024-07-10,7789,7662,5
6151,2024-07-10,10177,7662,5
676,2024-07-10,8686,7662,5
5464,2024-07-10,5536,7662,5
4225,2024-07-10,4039,7662,3
2196,2024-07-10,6780,7662,1
7758,2024-07-10,5114,7662,5
5527,2024-07-10,4053,7662,5
4084,2024-07-10,1185,7662,5
3927,2024-07-10,8625,7662,5
6525,2024-07-10,11794,7662,2
3708,2024-07-10,911,7662,5
776,2024-07-10,1474,7662,5
6045,2024-07-10,7542,7662,5
5273,2024-07-10,8929,7662,5
3010,2024-07-10,5959,7662,5
3020,2024-07-10,1519,7662,5
3335,2024-07-10,1345,7662,5
3473,2024-07-10,5121,7662,5
6096,2024-07-10,2055,7662,5
1751,2024-07-10,3286,7662,5
2217,2024-07-10,2491,7662,5
2483,2024-07-10,1474,7662,5
7191,2024-07-10,6451,7662,5
7235,2024-07-10,11615,7662,3
8079,2024-07-10,7310,7662,5
9259,2024-07-10,2260,7662,2
3155,2024-07-10,11601,7662,5
2954,2024-07-10,5663,7662,5
7313,2024-07-10,11360,7662,5
8221,2024-07-10,10795,7662,5
5985,2024-07-10,11386,7662,3
6097,2024-07-10,4089,7662,4
5062,2024-07-10,11534,7662,4
4960,2024-07-10,8177,7662,4
9940,2024-07-10,10154,7662,5
5630,2024-07-10,5595,7662,5
7930,2024-07-10,4962,7662,1
4601,2024-07-10,10659,7662,5
5406,2024-07-10,7806,7662,1
8360,2024-07-10,2604,7662,5
4102,2024-07-10,10171,7662,5
8790,2024-07-10,4257,7662,1
1019,2024-07-10,7643,7662,4
7924,2024-07-10,3004,7662,1
2703,2024-07-10,6817,7662,5
7501,2024-07-10,10757,7662,5
8583,2024-07-10,2558,7662,1
2891,2024-07-10,10216,7662,5
2908,2024-07-10,11568,7662,5
6427,2024-07-10,7047,7662,5
6839,2024-07-10,11009,7662,3
432,2024-07-10,11568,7662,5
8846,2024-07-10,670,7662,5
7061,2024-07-10,6817,7662,5
1804,2024-07-10,4257,7662,1
8111,2024-07-10,7643,7662,5
1981,2024-07-10,4189,7662,4
602,2024-07-10,445,7662,5
6609,2024-07-10,6027,7662,3
1370,2024-07-10,5096,7662,5
5466,2024-07-10,2470,7662,3
8898,2024-07-10,8461,7662,1
7417,2024-07-10,503,7662,5
6572,2024-07-10,10252,7662,5
1903,2024-07-10,9891,7662,5
7602,2024-07-10,6272,7662,5
6120,2024-07-10,9161,7662,5
783,2024-07-10,878,9183,1
29,2024-07-10,9167,7662,1
5061,2024-07-10,5450,7662,5
7929,2024-07-10,4235,7662,5
3975,2024-07-10,7702,7662,3
8373,2024-07-10,2261,7662,5
2135,2024-07-10,3088,7662,4
5944,2024-07-10,2396,7662,4
4878,2024-07-10,3808,7662,1
8847,2024-07-10,8080,7662,5
6664,2024-07-10,2396,7662,5
8158,2024-07-10,10008,7662,5
1856,2024-07-10,8080,7662,4
1863,2024-07-10,1266,7662,4
903,2024-07-10,6349,7662,5
7531,2024-07-10,4857,7662,5
8143,2024-07-10,187,7662,5
4965,2024-07-10,4752,7662,5
3375,2024-07-10,1322,7662,5
8439,2024-07-10,1322,7662,4
3115,2024-07-10,6899,7662,5
8099,2024-07-10,8080,7662,5
4540,2024-07-10,3422,7662,5
2759,2024-07-10,3310,7662,5
7257,2024-07-10,7779,7662,5
1256,2024-07-10,10533,7662,5
4417,2024-07-10,4979,7662,5
9218,2024-07-10,4776,7662,5
3094,2024-07-10,612,7662,5
9544,2024-07-10,1984,7662,5
4242,2024-07-10,7205,7662,5
670,2024-07-10,5732,7662,5
6614,2024-07-10,10915,7662,5
916,2024-07-10,7690,7662,5
1892,2024-07-10,4371,7662,1
7309,2024-07-10,9250,7662,5
2609,2024-07-10,8351,7662,5
1366,2024-07-10,2480,7662,5
2449,2024-07-10,952,7662,5
4237,2024-07-10,6945,7662,3
8525,2024-07-10,11750,7662,3
8121,2024-07-10,2125,7662,5
5598,2024-07-10,9010,7662,5
6064,2024-07-10,7080,7662,5
6426,2024-07-10,5176,7662,5
7917,2024-07-10,10473,7662,5
4382,2024-07-10,9062,7662,3
3919,2024-07-10,405,7662,5
9882,2024-07-10,4732,7662,3
9759,2024-07-10,1984,7662,4
4907,2024-07-10,4976,7662,5
8875,2024-07-10,8707,7662,5
2561,2024-07-10,1322,7662,5
4308,2024-07-10,11696,7662,5
4910,2024-07-10,3993,7662,5
752,2024-07-10,4032,7662,4
258,2024-07-10,1176,7662,1
9428,2024-07-10,9046,7662,5
4179,2024-07-10,1934,7662,5
9689,2024-07-10,10987,7662,5
705,2024-07-10,6950,7662,5
4230,2024-07-10,8594,7662,5
5045,2024-07-10,2330,7662,5
3565,2024-07-10,9569,7662,5
8220,2024-07-10,1337,7662,3
9521,2024-07-10,5978,7662,4
1736,2024-07-10,11633,7662,5
8896,2024-07-10,727,7662,5
4929,2024-07-10,9095,7662,3
575,2024-07-10,10061,7662,5
1636,2024-07-10,3852,7662,5
5075,2024-07-10,397,7662,5
6733,2024-07-10,3869,7662,5
5810,2024-07-10,9902,7662,5
7033,2024-07-10,8839,7662,5
123,2024-07-10,3530,7662,5
2222,2024-07-10,9720,7662,3
6375,2024-07-10,5550,7662,5
1185,2024-07-10,11822,7662,5
2862,2024-07-10,8087,7662,3
8529,2024-07-10,9031,7662,5
3177,2024-07-10,7049,7662,5
5561,2024-07-10,5159,7662,5
9874,2024-07-10,5536,7662,5
8339,2024-07-10,11716,7662,5
5413,2024-07-10,2799,7662,4
9313,2024-07-10,8434,7662,5
878,2024-07-10,11002,7662,5
6630,2024-07-10,10239,7662,1
2049,2024-07-10,7011,7662,4
255,2024-07-10,6391,7662,5
8125,2024-07-10,8066,7662,5
6337,2024-07-10,6562,7662,5
543,2024-07-10,6188,7662,5
6828,2024-07-10,27,7662,5
5674,2024-07-10,6562,7662,5
5796,2024-07-10,7844,7662,5
3537,2024-07-10,1712,7662,4
4783,2024-07-10,6562,7662,4
5830,2024-07-10,2441,7662,5
3222,2024-07-10,1495,7662,5
5379,2024-07-10,6237,7662,5
2468,2024-07-10,2645,7662,5
1007,2024-07-10,559,7662,4
6262,2024-07-10,559,7662,5
905,2024-07-10,10239,7662,1
2576,2024-07-10,2584,7662,5
7361,2024-07-10,10063,7662,4
1544,2024-07-10,6286,7662,5
1845,2024-07-10,2859,7662,5
4986,2024-07-10,4036,7662,3
9020,2024-07-10,4205,7662,5
5227,2024-07-10,8598,7662,5
1280,2024-07-10,9720,7662,4
7811,2024-07-10,1501,7662,5
5921,2024-07-10,5436,7662,5
6810,2024-07-10,2145,7662,5
1777,2024-07-10,145,7662,1
4051,2024-07-10,9451,7662,5
7960,2024-07-10,11634,7662,4
2505,2024-07-10,3609,7662,5
5347,2024-07-10,1352,7662,5
5711,2024-07-10,5604,7662,5
3550,2024-07-10,9647,7662,5
1639,2024-07-10,4004,7662,5
5427,2024-07-10,3,7662,5
2502,2024-07-10,817,7662,5
4469,2024-07-10,5695,7662,4
1262,2024-07-10,236,7662,4
8611,2024-07-10,9647,7662,5
8838,2024-07-10,559,7662,3
6203,2024-07-10,5444,7662,4
5876,2024-07-11,8875,7662,5
6633,2024-07-11,11166,7662,5
6091,2024-07-11,9151,7662,3
9841,2024-07-11,4723,7662,5
2167,2024-07-11,11464,7662,5
1456,2024-07-11,10445,7662,5
4681,2024-07-11,6302,7662,5
7178,2024-07-11,10678,8342,5
2161,2024-07-11,5614,7662,5
1964,2024-07-11,4479,7662,1
8945,2024-07-11,2345,7662,5
4782,2024-07-11,11107,7662,5
500,2024-07-11,7595,7662,5
1740,2024-07-11,9715,7662,5
829,2024-07-11,581,7662,5
547,2024-07-11,2237,7662,5
8170,2024-07-11,3421,7662,5
9405,2024-07-11,4196,7662,5
9039,2024-07-11,3878,7662,5
3348,2024-07-11,7238,7662,3
2197,2024-07-11,10532,7662,3
9099,2024-07-11,3878,7662,5
6241,2024-07-11,11688,7662,5
8541,2024-07-11,609,7662,5
5801,2024-07-11,4522,7662,5
9330,2024-07-11,3727,7662,5
2942,2024-07-11,6157,7662,5
9391,2024-07-11,4414,7662,5
7158,2024-07-11,10,7662,5
9349,2024-07-11,528,7662,5
1416,2024-07-11,4064,7662,5
1886,2024-07-11,11629,7662,5
9563,2024-07-11,10832,7662,5
6809,2024-07-11,8624,7662,5
9106,2024-07-11,1810,7662,5
5423,2024-07-11,4579,7662,5
5394,2024-07-11,4268,7662,5
9911,2024-07-11,4381,7662,5
6863,2024-07-11,6644,7662,5
9244,2024-07-11,1335,7662,5
6365,2024-07-11,9671,7662,5
6113,2024-07-11,11829,7662,1
2407,2024-07-11,10850,7662,5
3759,2024-07-11,2955,7662,4
1114,2024-07-11,8983,7662,5
7652,2024-07-11,1069,7662,1
4686,2024-07-11,3787,7662,5
1229,2024-07-11,2545,7662,5
967,2024-07-11,3110,10790,5
7694,2024-07-11,5479,7662,5
7263,2024-07-11,11110,7662,1
1980,2024-07-11,1437,7662,5
2054,2024-07-11,2874,7662,5
4301,2024-07-11,8633,7662,5
8657,2024-07-11,10532,7662,4
1752,2024-07-11,8372,7662,5
304,2024-07-11,6600,7662,1
8388,2024-07-11,5208,7662,5
6915,2024-07-11,9845,7662,5
3877,2024-07-11,10081,7662,5
8889,2024-07-11,10812,7662,5
5085,2024-07-11,1031,7662,5
627,2024-07-11,7794,7662,5
7639,2024-07-11,3871,7662,5
3158,2024-07-11,10012,7662,5
117,2024-07-11,11407,3278,1
1706,2024-07-11,9263,7662,5
54,2024-07-11,4329,7662,5
8259,2024-07-11,450,7662,5
1640,2024-07-11,721,7662,5
6028,2024-07-11,103,7662,5
5389,2024-07-11,4335,7662,5
8642,2024-07-11,10510,7662,5
9711,2024-07-11,8550,7662,5
4931,2024-07-11,6820,7662,5
7233,2024-07-11,10510,7662,5
3140,2024-07-11,4317,7662,5
9639,2024-07-11,1463,7662,5
6605,2024-07-11,4894,7662,5
8772,2024-07-11,6521,7662,5
5669,2024-07-11,5668,7662,5
4430,2024-07-11,11358,7662,5
4072,2024-07-11,8825,7662,5
949,2024-07-11,7497,7662,5
4257,2024-07-11,6390,7662,5
3175,2024-07-11,5752,7662,5
470,2024-07-11,1726,7662,5
223,2024-07-11,3097,7662,5
4586,2024-07-11,4421,7662,5
5901,2024-07-11,8,7662,5
2435,2024-07-11,1365,7662,5
1999,2024-07-11,3262,7662,5
24,2024-07-11,9707,7662,5
1412,2024-07-11,5668,7662,5
5236,2024-07-11,9826,7662,5
8069,2024-07-11,6339,7662,5
4815,2024-07-11,2008,7662,5
1735,2024-07-11,2541,7662,5
9177,2024-07-11,3308,7662,5
4867,2024-07-11,9974,7662,5
9590,2024-07-11,7429,7662,3
9677,2024-07-11,2541,7662,5
1625,2024-07-11,10590,7662,4
4487,2024-07-11,1274,7662,5
5497,2024-07-11,3731,7662,5
7862,2024-07-11,1669,7662,5
5044,2024-07-11,1036,7662,5
7244,2024-07-11,478,7662,5
5031,2024-07-11,10560,7662,5
8149,2024-07-11,6521,7662,5
7750,2024-07-11,7089,7662,5
5697,2024-07-11,11444,7662,3
9073,2024-07-11,2195,7662,5
7878,2024-07-11,10799,7662,4
4154,2024-07-11,4807,7662,5
1802,2024-07-11,8866,7662,5
5858,2024-07-11,10744,7662,5
7587,2024-07-11,6193,7662,5
7941,2024-07-11,8849,7662,5
3171,2024-07-11,9460,7662,5
4830,2024-07-11,5090,7662,5
645,2024-07-11,3906,7662,5
6473,2024-07-11,4352,7662,5
5453,2024-07-11,9285,7662,5
9163,2024-07-11,1269,7662,5
9976,2024-07-11,262,7662,5
6234,2024-07-11,5477,7662,5
2719,2024-07-11,7335,7662,5
6648,2024-07-11,10745,7662,5
7776,2024-07-11,2208,6311,3
1591,2024-07-11,11596,7662,5
1123,2024-07-11,7253,7662,3
5428,2024-07-11,286,7662,5
7895,2024-07-11,10971,7662,5
2501,2024-07-11,2265,3335,1
2099,2024-07-11,3772,7662,5
4862,2024-07-11,8480,7662,3
7840,2024-07-11,3605,7662,2
4912,2024-07-11,11642,7662,5
4644,2024-07-11,5486,7662,5
8152,2024-07-11,11771,7662,5
1770,2024-07-11,4033,7662,1
3962,2024-07-11,6943,7662,5
4886,2024-07-11,5798,7662,5
963,2024-07-11,7102,7662,5
5177,2024-07-11,2134,6851,1
2624,2024-07-11,10218,10218,5
352,2024-07-11,10903,7662,2
1017,2024-07-11,5577,7662,5
2212,2024-07-11,7598,7662,2
5931,2024-07-11,9534,7662,5
5856,2024-07-11,1207,6851,1
8094,2024-07-11,6444,7662,1
8697,2024-07-11,11253,7662,5
7655,2024-07-11,9027,7662,5
4367,2024-07-11,10218,10294,5
5369,2024-07-11,148,7662,5
2959,2024-07-11,10218,984,5
9472,2024-07-11,3282,7662,5
3064,2024-07-11,10442,7662,5
7827,2024-07-11,4168,7662,5
703,2024-07-11,6218,7662,5
5152,2024-07-11,5566,7662,1
4507,2024-07-11,9006,7662,5
4497,2024-07-11,10218,9475,5
5269,2024-07-11,4036,7662,5
259,2024-07-11,1496,7662,1
7983,2024-07-11,6673,7662,5
3057,2024-07-11,10218,6102,5
6472,2024-07-11,351,7662,5
7332,2024-07-11,8740,7662,5
2745,2024-07-11,11543,7662,1
6741,2024-07-11,11543,9621,1
6882,2024-07-11,5970,7662,5
268,2024-07-11,1489,7662,3
8671,2024-07-11,1739,7662,5
1494,2024-07-11,1489,7662,1
9339,2024-07-11,8560,7662,5
6680,2024-07-11,4508,7662,2
986,2024-07-11,11389,7662,5
7820,2024-07-11,4012,7662,5
5463,2024-07-11,2794,7662,5
119,2024-07-11,10984,3214,3
2861,2024-07-11,11543,7662,1
563,2024-07-11,11543,8584,1
7340,2024-07-11,8273,7662,2
3017,2024-07-11,2381,7662,1
3732,2024-07-11,10454,5182,3
6610,2024-07-11,9444,7662,3
6133,2024-07-11,11316,7662,5
8791,2024-07-11,2661,7662,5
2372,2024-07-11,7065,7662,5
9936,2024-07-11,9888,7662,5
2034,2024-07-11,8142,7662,5
2813,2024-07-11,11261,7662,5
5542,2024-07-11,11297,7662,5
9831,2024-07-11,9918,7662,5
7074,2024-07-11,8231,7662,5
4276,2024-07-11,5970,7662,5
5287,2024-07-11,11526,8584,3
7271,2024-07-11,9817,7662,5
4473,2024-07-11,8273,7662,2
1674,2024-07-11,2229,7662,5
5182,2024-07-11,8655,7662,5
2981,2024-07-11,10257,7662,5
7609,2024-07-11,7379,7662,5
8939,2024-07-11,3217,7662,5
9449,2024-07-11,2367,7662,5
4363,2024-07-11,8027,7662,5
7331,2024-07-11,6815,7662,5
4222,2024-07-11,7481,7662,5
9988,2024-07-11,9817,7662,5
5378,2024-07-11,6073,7662,5
2800,2024-07-11,1454,7662,5
5680,2024-07-11,8170,7662,5
5112,2024-07-11,9080,7662,5
3893,2024-07-11,2009,7662,5
9309,2024-07-11,1954,7662,5
4490,2024-07-11,7102,7662,5
9448,2024-07-11,2377,7662,5
6759,2024-07-11,5696,7662,5
9409,2024-07-11,8170,7662,5
7945,2024-07-11,7845,7662,5
2238,2024-07-11,167,7662,5
3052,2024-07-11,10179,8584,1
6994,2024-07-11,1210,7662,5
1897,2024-07-11,8594,7662,5
5899,2024-07-11,2085,7662,5
5844,2024-07-11,7868,7662,5
8508,2024-07-11,9714,7662,5
8165,2024-07-11,7349,7662,5
5519,2024-07-11,8127,7662,5
6450,2024-07-11,884,7662,5
210,2024-07-11,2121,7662,5
8655,2024-07-11,6096,7662,5
6604,2024-07-11,11564,7662,5
8240,2024-07-11,1185,7662,5
6755,2024-07-11,6157,7662,5
7695,2024-07-11,1970,7662,5
9748,2024-07-11,11700,7662,5
7090,2024-07-11,6269,7662,5
6516,2024-07-11,382,7662,5
4589,2024-07-11,7446,7662,5
8528,2024-07-11,2552,7662,5
1528,2024-07-11,8301,7662,5
8785,2024-07-11,3232,7662,5
8413,2024-07-11,882,7662,1
4099,2024-07-11,7472,7662,5
2958,2024-07-11,4003,7662,5
6854,2024-07-11,1697,7662,5
4118,2024-07-11,10106,7662,5
4140,2024-07-11,1185,7662,5
2428,2024-07-11,10152,7662,5
2286,2024-07-11,7525,7662,5
3253,2024-07-11,5536,7662,5
6166,2024-07-11,4568,7662,5
4709,2024-07-11,11797,7662,3
6446,2024-07-11,11155,7662,2
4368,2024-07-11,1493,7662,5
7115,2024-07-11,1605,7662,1
1446,2024-07-11,6807,7662,5
8761,2024-07-11,10034,7662,1
8173,2024-07-11,9755,7662,5
5246,2024-07-11,705,7662,5
2705,2024-07-11,10501,7662,5
2423,2024-07-11,3270,7662,5
4477,2024-07-11,6374,7662,5
8348,2024-07-11,8229,7662,3
5455,2024-07-11,3045,7662,5
3405,2024-07-11,10530,7662,5
8371,2024-07-11,7708,7708,2
286,2024-07-11,5683,7662,5
279,2024-07-11,4409,7662,4
9561,2024-07-11,4004,7662,5
8854,2024-07-11,7587,7662,5
4233,2024-07-11,6798,7662,4
6692,2024-07-11,10865,7662,5
1716,2024-07-11,7224,7662,5
2008,2024-07-11,6032,7662,5
9732,2024-07-11,7388,7662,5
983,2024-07-11,4454,7662,5
4193,2024-07-11,706,7662,5
8442,2024-07-11,6374,7662,5
6455,2024-07-11,7660,7662,5
620,2024-07-11,1258,7662,5
6805,2024-07-11,3793,7662,5
4274,2024-07-11,183,7662,5
2416,2024-07-11,4409,7662,4
7969,2024-07-11,3022,7662,5
9364,2024-07-11,3253,7662,5
2732,2024-07-11,185,7662,3
8116,2024-07-11,4409,7662,3
5432,2024-07-11,7324,7662,5
2673,2024-07-11,10757,7662,5
5855,2024-07-11,9232,7662,5
6075,2024-07-11,237,7662,5
5434,2024-07-11,5307,7662,5
1529,2024-07-11,2745,7662,5
768,2024-07-11,11845,7662,5
7882,2024-07-11,11172,6751,1
8682,2024-07-11,10571,7662,5
86,2024-07-11,10571,7662,4
832,2024-07-11,8196,7662,5
3087,2024-07-11,10901,3999,5
3578,2024-07-11,3941,7662,5
5042,2024-07-11,1185,7662,5
3063,2024-07-11,3732,7662,5
9435,2024-07-11,8609,7662,5
1679,2024-07-11,10972,7662,3
4495,2024-07-11,1252,7662,5
431,2024-07-11,4699,7662,5
7079,2024-07-11,8058,7662,5
6187,2024-07-11,1711,7662,5
786,2024-07-11,6966,7662,5
3013,2024-07-11,2333,7662,1
5472,2024-07-11,897,7662,5
9678,2024-07-11,10546,7662,5
5114,2024-07-11,1470,7662,5
9776,2024-07-11,4098,7662,4
9580,2024-07-11,3810,7662,5
2476,2024-07-11,10990,7662,2
4002,2024-07-11,6233,7662,5
1110,2024-07-11,9266,7662,5
3674,2024-07-11,11230,7662,5
90,2024-07-11,6951,7662,5
2646,2024-07-11,2282,7662,5
9522,2024-07-11,10917,7662,5
4153,2024-07-11,8439,7662,5
5800,2024-07-11,4888,7662,5
1221,2024-07-11,1548,7662,5
5350,2024-07-11,8535,7662,5
7821,2024-07-11,9740,7662,5
861,2024-07-11,1024,7662,5
5235,2024-07-11,10536,7662,5
1564,2024-07-11,4616,7662,5
3949,2024-07-11,10628,7662,4
5927,2024-07-11,3267,7662,5
5705,2024-07-11,4046,7662,5
8882,2024-07-11,4883,7662,5
8530,2024-07-11,6328,7662,4
2543,2024-07-11,7069,7662,5
6847,2024-07-11,10661,7662,5
9694,2024-07-11,10686,7662,5
6876,2024-07-11,4013,7662,5
5798,2024-07-11,76,7662,1
8239,2024-07-11,3731,7662,5
7138,2024-07-11,5535,7662,5
4723,2024-07-11,3901,7662,1
2931,2024-07-11,8771,7662,5
1247,2024-07-11,825,7662,4
5488,2024-07-11,1548,7662,5
7879,2024-07-11,9572,7662,5
6806,2024-07-11,5553,7662,5
6742,2024-07-11,9313,7662,5
7976,2024-07-11,2437,7662,5
2300,2024-07-11,6382,7662,4
4474,2024-07-11,10538,7662,3
4143,2024-07-11,7883,7662,5
5707,2024-07-11,6328,7662,5
2314,2024-07-11,11661,11173,1
1093,2024-07-11,3325,7252,3
8211,2024-07-11,10649,7662,3
995,2024-07-11,4481,7662,5
3711,2024-07-11,4097,7662,5
8938,2024-07-11,3180,7662,3
4132,2024-07-11,4473,7662,5
9505,2024-07-11,189,7662,5
4286,2024-07-11,4097,7662,5
8385,2024-07-11,5918,7662,5
8590,2024-07-11,5032,7662,4
6401,2024-07-11,2955,7662,4
2815,2024-07-11,1767,7662,5
9941,2024-07-11,6328,7662,5
3261,2024-07-11,9591,7662,5
2375,2024-07-11,3041,7662,5
4240,2024-07-11,382,7662,4
3448,2024-07-11,804,7662,5
7923,2024-07-11,3992,10148,1
7029,2024-07-11,9923,7662,3
2294,2024-07-11,7925,7662,5
6519,2024-07-11,2091,7662,5
2944,2024-07-11,3669,7662,5
4201,2024-07-11,1886,7662,4
5491,2024-07-11,753,7662,4
7684,2024-07-11,5553,7662,5
4342,2024-07-11,4607,7662,5
6080,2024-07-11,4678,7662,1
3819,2024-07-11,9442,7662,5
3571,2024-07-11,11613,7662,5
8342,2024-07-11,7410,7662,5
4950,2024-07-11,7822,7662,5
5433,2024-07-11,11660,7662,2
9141,2024-07-11,8330,7662,5
1973,2024-07-11,5728,7662,1
6650,2024-07-11,7286,7662,1
7852,2024-07-11,589,7662,5
7440,2024-07-11,11243,7662,3
5700,2024-07-11,10613,7662,5
2354,2024-07-11,1247,7662,5
3165,2024-07-11,7286,7662,1
7689,2024-07-11,6860,7662,5
8459,2024-07-11,4901,7662,5
9054,2024-07-11,8948,7662,5
4321,2024-07-11,11239,7662,5
4173,2024-07-11,1779,7662,3
2586,2024-07-11,8948,7662,5
474,2024-07-11,10460,7662,5
5036,2024-07-11,8948,7662,4
4087,2024-07-11,3755,7662,5
368,2024-07-11,11161,7662,3
4740,2024-07-11,11778,7662,5
4951,2024-07-11,3755,7662,4
2721,2024-07-11,7262,7662,5
3119,2024-07-11,2971,7662,5
2679,2024-07-11,2060,7662,4
4124,2024-07-11,11418,7662,4
7899,2024-07-11,3041,7662,5
2666,2024-07-11,4805,7662,5
4149,2024-07-11,4097,7662,5
7690,2024-07-12,11677,7662,1
6754,2024-07-12,9171,7662,1
958,2024-07-12,10794,7662,1
1521,2024-07-12,241,7662,5
9450,2024-07-12,924,7662,5
1547,2024-07-12,3001,7662,5
1743,2024-07-12,1954,7662,3
1092,2024-07-12,7724,7662,5
2087,2024-07-12,11290,7662,5
3477,2024-07-12,5673,7662,3
6681,2024-07-12,11284,7662,5
8757,2024-07-12,5673,7662,5
9170,2024-07-12,4813,7662,5
8216,2024-07-12,1954,7662,5
3836,2024-07-12,10819,7662,5
8995,2024-07-12,9694,7662,5
8725,2024-07-12,3001,7662,5
8039,2024-07-12,10291,7662,3
2967,2024-07-12,4221,7662,1
6706,2024-07-12,1786,7662,5
2786,2024-07-12,8581,7662,1
51,2024-07-12,10197,7662,5
8480,2024-07-12,10366,7662,5
4241,2024-07-12,5056,7662,3
857,2024-07-12,8038,7662,5
1540,2024-07-12,1484,7613,3
5982,2024-07-12,10226,8726,1
6189,2024-07-12,5140,7662,5
3337,2024-07-12,5616,7662,1
3700,2024-07-12,5616,7662,1
7996,2024-07-12,5851,7662,5
2398,2024-07-12,1425,7662,5
8779,2024-07-12,2773,7662,1
3051,2024-07-12,6912,7662,5
9797,2024-07-12,5507,7662,3
1701,2024-07-12,4273,7662,5
3725,2024-07-12,8686,7662,5
7451,2024-07-12,158,7662,5
9363,2024-07-12,10236,7662,1
3408,2024-07-12,10015,7662,5
5304,2024-07-12,11022,7662,1
8108,2024-07-12,4834,7662,5
1814,2024-07-12,5764,7662,5
3526,2024-07-12,11700,7662,5
1182,2024-07-12,11351,7662,1
9439,2024-07-12,3121,7662,1
4285,2024-07-12,9259,7662,1
4041,2024-07-12,2301,7662,1
5201,2024-07-12,6967,7662,1
1064,2024-07-12,9322,7662,5
8605,2024-07-12,4522,7662,5
6176,2024-07-12,11249,11249,4
8543,2024-07-12,1373,8897,4
8876,2024-07-12,2138,7662,1
8537,2024-07-12,11861,8448,1
6192,2024-07-12,1614,7662,5
3833,2024-07-12,10489,7662,5
2475,2024-07-12,11095,4251,4
4768,2024-07-12,11216,7662,5
7499,2024-07-12,6434,7662,1
7767,2024-07-12,3320,7662,5
3573,2024-07-12,2683,1113,1
8059,2024-07-12,1275,7662,1
2789,2024-07-12,2453,7662,5
6031,2024-07-12,7805,7662,1
8081,2024-07-12,7829,7662,1
9527,2024-07-12,3453,7662,1
6254,2024-07-12,11744,2669,1
1889,2024-07-12,11278,7662,1
2068,2024-07-12,8216,7662,5
6635,2024-07-12,6427,7662,1
9452,2024-07-12,2930,7662,1
4739,2024-07-12,6724,7662,1
6428,2024-07-12,3616,7662,5
6070,2024-07-12,9135,7662,5
2569,2024-07-12,10171,7662,4
8545,2024-07-12,11812,7662,1
1516,2024-07-12,4546,7662,5
3761,2024-07-12,11652,7662,5
5631,2024-07-12,11164,7662,5
9858,2024-07-12,7974,7662,5
1944,2024-07-12,4722,7662,1
6441,2024-07-12,381,7662,5
6682,2024-07-12,8124,7662,5
8612,2024-07-12,3950,7662,5
4419,2024-07-12,1062,7662,5
231,2024-07-12,8003,7662,1
3993,2024-07-12,10467,7662,1
333,2024-07-12,8955,7662,4
8174,2024-07-12,9363,7662,5
4685,2024-07-12,559,7662,5
1145,2024-07-12,2378,7662,5
9294,2024-07-12,384,7662,5
1424,2024-07-12,10066,7662,5
164,2024-07-12,1545,7662,5
3667,2024-07-12,2554,7662,5
1893,2024-07-12,10888,7662,5
5027,2024-07-12,11498,7662,1
4117,2024-07-12,4502,7662,1
4065,2024-07-12,11253,7662,5
8096,2024-07-12,3941,7662,5
6055,2024-07-12,6279,7662,5
4376,2024-07-12,9947,7662,5
6551,2024-07-12,4709,7662,5
9142,2024-07-12,7721,7662,1
7401,2024-07-12,8774,7662,1
6666,2024-07-12,4996,7662,5
8248,2024-07-12,8298,7662,5
1718,2024-07-12,9218,7662,3
3092,2024-07-12,4950,7662,1
7529,2024-07-12,3650,7662,4
5016,2024-07-12,8307,7662,5
5826,2024-07-12,2424,7662,1
1179,2024-07-12,459,7662,5
8023,2024-07-12,6553,7662,3
9543,2024-07-12,2564,7662,1
151,2024-07-12,11427,7662,5
3082,2024-07-12,2480,7662,5
4856,2024-07-12,245,7662,1
2892,2024-07-12,245,7662,1
6217,2024-07-12,317,7662,3
2797,2024-07-12,245,7662,1
3879,2024-07-12,245,7662,1
7736,2024-07-12,3478,7662,5
3593,2024-07-12,8519,7662,3
8762,2024-07-12,5628,7662,3
8488,2024-07-12,1746,7662,5
8874,2024-07-12,11789,7662,5
3972,2024-07-12,4771,7662,5
7443,2024-07-12,2729,7662,1
8736,2024-07-12,11627,7662,1
4133,2024-07-12,8671,7662,1
5891,2024-07-12,4118,7662,5
5998,2024-07-12,7723,7662,1
6842,2024-07-12,9817,7662,5
3706,2024-07-12,4068,7662,5
2067,2024-07-12,8844,7662,1
6867,2024-07-12,378,7662,1
6242,2024-07-12,7962,7662,5
7796,2024-07-12,1956,7662,5
6634,2024-07-12,3709,7662,1
8197,2024-07-12,3119,7662,5
2191,2024-07-12,11698,7662,5
9750,2024-07-12,4327,7662,5
2037,2024-07-12,3430,7662,5
7488,2024-07-12,2319,7662,5
9815,2024-07-12,3602,7662,1
1193,2024-07-12,1185,7662,5
8313,2024-07-12,6264,7662,1
8999,2024-07-12,5983,7662,5
9892,2024-07-12,7880,7662,5
6661,2024-07-12,11341,7662,3
589,2024-07-12,9495,7662,5
8287,2024-07-12,6054,7662,1
7631,2024-07-12,1185,7662,3
8670,2024-07-12,8884,7662,1
7404,2024-07-12,7730,7662,1
2048,2024-07-12,5598,7662,5
1573,2024-07-12,4327,7662,5
854,2024-07-12,10757,7662,5
9968,2024-07-12,11710,7662,5
953,2024-07-12,4098,7662,5
9715,2024-07-12,2938,7662,5
8856,2024-07-12,3579,7662,1
5141,2024-07-12,8633,7662,5
4949,2024-07-12,9853,7662,5
3714,2024-07-12,901,7662,1
9817,2024-07-12,1348,7662,5
5634,2024-07-12,1550,7662,1
4243,2024-07-12,8522,7662,5
6622,2024-07-12,1614,7662,5
5430,2024-07-12,11052,7662,3
5682,2024-07-12,9720,7662,5
7797,2024-07-12,8522,7662,5
8641,2024-07-12,3918,7662,5
3628,2024-07-12,1019,7662,1
3540,2024-07-12,858,7662,5
173,2024-07-12,10953,7662,5
6480,2024-07-12,1019,7662,3
1287,2024-07-12,8887,7662,5
5093,2024-07-12,11360,7662,5
8899,2024-07-12,5789,7662,1
7576,2024-07-12,4456,7662,5
9207,2024-07-12,2431,7662,1
3053,2024-07-12,6894,7662,5
7084,2024-07-12,2754,7662,1
3359,2024-07-12,8132,7662,1
4422,2024-07-12,8283,7662,1
939,2024-07-12,1578,7662,5
4839,2024-07-12,11500,7662,5
4166,2024-07-12,10845,7662,5
5571,2024-07-12,9700,7662,5
3446,2024-07-12,11663,7662,1
8739,2024-07-12,6069,7662,5
4198,2024-07-12,668,7662,5
2001,2024-07-12,4514,11836,1
1417,2024-07-12,3217,7662,5
9896,2024-07-12,10874,7662,5
7391,2024-07-12,8238,7662,5
3437,2024-07-12,1887,7662,5
2417,2024-07-12,1144,7662,1
9235,2024-07-12,6931,7662,5
5735,2024-07-12,8294,7662,3
5106,2024-07-12,8946,7662,3
3464,2024-07-12,10649,7662,3
7826,2024-07-12,8295,7662,1
6536,2024-07-12,8252,7662,3
9480,2024-07-12,5227,7662,1
5880,2024-07-12,11313,7662,3
5267,2024-07-12,2763,7662,5
7390,2024-07-12,8198,7662,1
360,2024-07-12,2548,7662,5
5245,2024-07-12,8361,7662,5
2808,2024-07-12,8695,7662,3
3806,2024-07-12,9050,7662,5
6568,2024-07-12,5125,7662,3
6434,2024-07-12,8344,7662,3
4874,2024-07-12,1585,7662,3
4281,2024-07-12,6664,7662,5
597,2024-07-12,8669,7662,5
7834,2024-07-12,3217,7662,5
1535,2024-07-12,10546,7662,5
643,2024-07-12,8438,7662,3
3139,2024-07-12,9121,7662,5
3546,2024-07-12,9170,7662,3
3450,2024-07-12,6463,7662,5
7596,2024-07-12,9329,7662,5
814,2024-07-12,8307,7662,3
7666,2024-07-12,9693,7662,5
9635,2024-07-12,5977,7662,3
8264,2024-07-12,3832,7662,5
1592,2024-07-12,6552,7662,5
6101,2024-07-12,4338,7662,5
2032,2024-07-12,1479,7662,5
5077,2024-07-12,7751,7662,5
1271,2024-07-12,2557,7662,3
1501,2024-07-12,8298,7662,3
8372,2024-07-12,10230,7662,5
1208,2024-07-12,4399,7662,3
6540,2024-07-12,7589,7662,3
9027,2024-07-12,4768,7662,5
1518,2024-07-12,9710,7662,5
5691,2024-07-12,11078,7662,5
2271,2024-07-12,3359,7662,1
881,2024-07-12,6258,7662,5
9986,2024-07-12,6459,7662,1
8658,2024-07-12,7288,7662,3
5398,2024-07-12,6463,7662,5
5695,2024-07-12,10824,7662,3
2198,2024-07-12,4736,7662,5
8824,2024-07-12,9183,7662,3
9074,2024-07-12,5454,7662,3
2579,2024-07-12,10070,7662,2
171,2024-07-12,6947,7662,5
13,2024-07-12,3513,7662,5
6084,2024-07-12,4948,7662,5
5900,2024-07-12,8952,7662,4
6702,2024-07-12,5454,7662,5
6758,2024-07-12,1332,7662,1
8962,2024-07-12,1653,7662,5
7712,2024-07-12,10232,7662,1
4938,2024-07-12,5811,7662,5
971,2024-07-12,7062,7662,3
2645,2024-07-12,291,7662,1
4300,2024-07-12,10070,7662,3
2469,2024-07-12,8308,7662,5
9367,2024-07-12,4370,7662,1
1988,2024-07-12,125,7662,5
6418,2024-07-12,4794,7662,3
2383,2024-07-12,3328,7662,1
1861,2024-07-12,3279,7662,1
4445,2024-07-12,1042,7662,5
6656,2024-07-12,6837,7662,5
8616,2024-07-12,5352,7662,5
6125,2024-07-12,6605,7662,3
3381,2024-07-12,9451,7662,5
6185,2024-07-12,2235,7662,4
6349,2024-07-12,11723,7662,5
9369,2024-07-12,1009,7662,5
7539,2024-07-12,11723,7662,4
4513,2024-07-12,305,7662,1
2414,2024-07-12,11306,7662,5
4486,2024-07-12,7551,7662,5
9179,2024-07-12,11644,7662,5
8046,2024-07-12,331,7662,5
821,2024-07-12,1785,7662,5
4621,2024-07-12,4972,7662,5
4767,2024-07-12,4944,7662,3
9657,2024-07-12,9906,7662,5
2661,2024-07-12,9906,7662,5
751,2024-07-12,6802,7662,5
5663,2024-07-12,11606,7662,5
4611,2024-07-12,7496,7662,5
6143,2024-07-12,9107,7662,5
6276,2024-07-12,6207,7662,5
5381,2024-07-12,9856,4287,5
9121,2024-07-12,3038,7662,5
438,2024-07-12,10070,7662,1
6502,2024-07-12,5122,7662,1
5716,2024-07-12,195,7662,1
3143,2024-07-12,3194,7662,1
6162,2024-07-12,1425,11540,2
5525,2024-07-12,4701,7662,1
8346,2024-07-12,80,7662,5
5313,2024-07-12,1130,7662,5
2832,2024-07-12,11723,7662,5
7514,2024-07-12,7770,7662,5
1669,2024-07-12,4098,7662,5
3503,2024-07-12,5344,7662,5
1323,2024-07-12,1368,7662,1
3869,2024-07-12,8300,7662,1
7314,2024-07-12,1631,7662,5
891,2024-07-12,2235,7662,4
3078,2024-07-12,3929,7662,5
7324,2024-07-12,11817,7662,5
2418,2024-07-12,3540,7662,5
272,2024-07-12,4690,7662,5
4130,2024-07-12,7759,7662,5
1914,2024-07-12,6365,7662,1
4524,2024-07-12,10429,7662,5
7752,2024-07-12,10524,7662,5
8464,2024-07-12,2323,7662,5
3110,2024-07-12,4767,7662,5
5650,2024-07-12,11099,7662,5
3162,2024-07-12,2805,7662,5
8568,2024-07-12,7283,7662,1
2754,2024-07-12,8827,7662,5
7105,2024-07-12,1508,7662,5
4345,2024-07-12,10198,7662,5
282,2024-07-12,10012,7662,5
4657,2024-07-12,7419,7662,5
4636,2024-07-12,11390,7662,1
1531,2024-07-12,385,7662,5
5841,2024-07-12,2503,7662,5
8489,2024-07-12,2503,7662,4
9533,2024-07-12,2299,7662,1
8102,2024-07-12,4191,7662,5
5037,2024-07-12,7612,7662,5
6825,2024-07-12,6257,7662,5
9737,2024-07-12,2063,7662,5
925,2024-07-12,8548,7662,1
3038,2024-07-12,749,7662,5
7674,2024-07-12,2503,7662,5
4215,2024-07-12,8916,7662,5
4748,2024-07-12,5452,7662,5
8327,2024-07-12,4379,7662,5
1617,2024-07-12,9025,7662,3
5850,2024-07-12,10718,7662,5
4061,2024-07-12,7591,7662,5
5573,2024-07-12,5707,7662,5
7097,2024-07-12,10574,7662,1
8332,2024-07-12,6037,7662,1
1210,2024-07-12,99,7662,5
40,2024-07-12,10133,7662,5
4411,2024-07-12,809,7662,5
4512,2024-07-12,8202,7662,5
4820,2024-07-12,991,7662,5
2560,2024-07-12,1155,7662,5
4516,2024-07-12,8178,7662,3
5461,2024-07-12,6452,2176,1
2122,2024-07-12,7748,7662,1
5840,2024-07-12,301,7662,1
6515,2024-07-12,9469,7662,1
9198,2024-07-12,301,7662,1
2735,2024-07-12,6756,7662,1
1942,2024-07-12,5413,7662,3
9085,2024-07-12,9536,7662,1
8676,2024-07-12,991,7662,5
3772,2024-07-12,5835,7662,5
8005,2024-07-13,11553,,1
5585,2024-07-13,3782,,1
9458,2024-07-13,2319,,5
2575,2024-07-13,433,,5
4163,2024-07-13,11479,,5
5297,2024-07-13,1130,,5
2711,2024-07-13,2319,,5
8753,2024-07-13,6225,,5
579,2024-07-13,6074,,5
6615,2024-07-13,11354,,5
5886,2024-07-13,4664,,5
3770,2024-07-13,3735,,5
7195,2024-07-13,1323,,1
671,2024-07-13,3941,,5
913,2024-07-13,4046,,5
445,2024-07-13,3735,,5
3637,2024-07-13,941,,5
7667,2024-07-13,9949,,1
1610,2024-07-13,5992,,5
7392,2024-07-13,2620,,5
5989,2024-07-13,8537,,5
7502,2024-07-13,2420,,1
6685,2024-07-13,8391,,1
7985,2024-07-13,3156,,1
2308,2024-07-13,10400,,5
3843,2024-07-13,8129,,5
3851,2024-07-13,1197,,1
4791,2024-07-13,6146,,1
3328,2024-07-13,8069,,1
764,2024-07-13,5680,,3
2550,2024-07-13,2367,,5
9550,2024-07-13,6032,,5
8132,2024-07-13,10127,,5
7625,2024-07-13,9977,,5
737,2024-07-13,85,,5
936,2024-07-13,3269,,5
2427,2024-07-13,11433,,1
4496,2024-07-13,9367,,5
5992,2024-07-13,10301,,5
4872,2024-07-13,3714,,5
7959,2024-07-13,10064,,5
6305,2024-07-13,2812,,5
2868,2024-07-13,7418,,5
2466,2024-07-13,9171,,3
7620,2024-07-13,7306,,1
8481,2024-07-13,8290,,1
8409,2024-07-13,384,,5
7992,2024-07-13,7971,,5
6381,2024-07-13,6871,,1
2511,2024-07-13,1167,,5
9584,2024-07-13,1241,,1
4537,2024-07-13,9307,,5
9297,2024-07-13,543,,5
7167,2024-07-13,4165,,5
6763,2024-07-13,3859,,5
3784,2024-07-13,3941,,5
7174,2024-07-13,5765,,5
5794,2024-07-13,7801,,5
6745,2024-07-14,4122,,5
1749,2024-07-14,9781,,1
4937,2024-07-14,5486,,5
3438,2024-07-14,9599,,3
7394,2024-07-14,3033,,5
7325,2024-07-14,5096,,5
1524,2024-07-14,11694,,5
8698,2024-07-14,11273,,1
8993,2024-07-14,10694,,5
7231,2024-07-14,5588,,5
2860,2024-07-14,8427,,1
8335,2024-07-14,4122,,5
5713,2024-07-14,3519,,1
7648,2024-07-14,3332,,1
7026,2024-07-14,3643,,5
6705,2024-07-14,3761,,5
8201,2024-07-14,8268,,4
2817,2024-07-14,10547,,1
4112,2024-07-14,10079,,1
6721,2024-07-14,1284,,1
5113,2024-07-14,10050,,5
3297,2024-07-14,7774,,5
9888,2024-07-14,8173,10790,3
675,2024-07-14,6091,,3
9980,2024-07-14,987,,1
8476,2024-07-14,7479,,1
4553,2024-07-14,3571,,1
3055,2024-07-14,446,,1
2085,2024-07-14,5012,,5
6311,2024-07-14,5012,,5
9278,2024-07-14,9282,,5
197,2024-07-14,10964,,1
9128,2024-07-14,2323,,5
3939,2024-07-14,2362,8615,1
5495,2024-07-14,703,,5
9181,2024-07-14,9634,,1
8865,2024-07-14,2571,,1
8808,2024-07-14,4994,,5
6774,2024-07-14,9164,,1
1231,2024-07-14,392,,5
2019,2024-07-14,8565,,1
7144,2024-07-14,10679,,5
912,2024-07-14,2713,1744,1
4536,2024-07-14,5752,,5
9723,2024-07-14,9662,,5
9931,2024-07-14,10421,,1
4066,2024-07-14,3076,,1
1670,2024-07-14,10964,,1
5318,2024-07-14,8165,,1
7281,2024-07-14,199,,5
9626,2024-07-14,199,,5
5644,2024-07-14,6517,,4
1214,2024-07-14,4612,,1
6314,2024-07-14,1292,,5
8471,2024-07-15,3633,,5
9024,2024-07-15,4945,,5
1800,2024-07-15,2252,,5
6548,2024-07-15,5431,,5
6094,2024-07-15,1515,,1
8731,2024-07-15,8525,,5
162,2024-07-15,6764,,5
2763,2024-07-15,5571,,5
444,2024-07-15,10318,,5
8598,2024-07-15,6931,,5
8295,2024-07-15,3337,,5
3528,2024-07-15,7507,,5
113,2024-07-15,1603,,5
7594,2024-07-15,10227,,5
9115,2024-07-15,9084,,5
3377,2024-07-15,2557,,5
9067,2024-07-15,6604,,1
6024,2024-07-15,7524,,5
4906,2024-07-15,7970,8537,1
8425,2024-07-15,9720,,5
3884,2024-07-15,7879,,5
67,2024-07-15,5894,,5
2391,2024-07-15,7168,,5
1347,2024-07-15,2528,,5
977,2024-07-15,338,,5
5885,2024-07-15,5233,,1
5765,2024-07-15,4,,5
7577,2024-07-15,3881,4287,1
807,2024-07-15,9200,,5
7626,2024-07-15,405,,5
5717,2024-07-15,11857,,5
3908,2024-07-15,169,,5
5260,2024-07-15,4359,,5
2318,2024-07-15,11430,,5
9628,2024-07-15,7248,,5
4295,2024-07-15,8686,,5
6794,2024-07-15,6502,4965,1
8827,2024-07-15,10675,,5
5640,2024-07-15,9817,,5
58,2024-07-15,11179,,1
7846,2024-07-15,1469,,5
4256,2024-07-15,6479,,5
893,2024-07-15,4024,,5
7906,2024-07-15,2042,,5
3304,2024-07-15,10266,,5
4177,2024-07-15,2838,,5
9393,2024-07-15,6861,,5
396,2024-07-15,8831,,5
2823,2024-07-15,2615,,5
9805,2024-07-15,8045,,5
2292,2024-07-15,8643,,5
6853,2024-07-15,6097,,5
742,2024-07-15,9960,4287,1
9899,2024-07-15,3325,7252,5
819,2024-07-15,1501,,5
8024,2024-07-15,3531,,5
8302,2024-07-15,2615,,5
7255,2024-07-15,9686,,5
1109,2024-07-15,5931,,5
6318,2024-07-15,8982,,5
4264,2024-07-15,7570,,5
5420,2024-07-15,1086,,5
8782,2024-07-15,526,,1
9525,2024-07-15,1467,,5
7491,2024-07-15,526,,1
6657,2024-07-15,8470,,5
1304,2024-07-15,6582,8537,1
7815,2024-07-15,9905,,5
4689,2024-07-15,1086,,5
2961,2024-07-15,6818,,5
1413,2024-07-15,111,,5
6167,2024-07-15,5437,,5
4539,2024-07-15,2378,,5
3785,2024-07-15,4877,,5
8953,2024-07-15,10642,,5
8014,2024-07-15,2378,,5
1791,2024-07-15,2984,,5
4427,2024-07-15,3034,,5
3247,2024-07-15,2762,,5
8281,2024-07-15,1073,,5
2220,2024-07-15,2341,,5
9228,2024-07-15,3902,,5
7447,2024-07-15,9180,,5
3750,2024-07-15,8849,,5
454,2024-07-15,1327,4287,1
3404,2024-07-15,5332,,1
7644,2024-07-15,11328,,5
2573,2024-07-15,6511,,5
1026,2024-07-15,1327,8537,1
4434,2024-07-15,4460,,5
9534,2024-07-15,8849,,5
1711,2024-07-15,6948,,5
2949,2024-07-15,7603,,5
8575,2024-07-15,8092,,3
6596,2024-07-15,1361,,5
9315,2024-07-15,4699,,3
9466,2024-07-15,6669,,5
2028,2024-07-15,11356,,5
311,2024-07-15,1361,,5
5293,2024-07-15,6669,,5
7087,2024-07-15,8890,,5
2235,2024-07-15,10288,,5
376,2024-07-15,6669,,5
2451,2024-07-15,6669,,5
3964,2024-07-15,5132,,3
9400,2024-07-15,1414,,5
6457,2024-07-15,174,,5
2097,2024-07-15,1412,,5
794,2024-07-15,5810,,5
9524,2024-07-15,655,,5
9654,2024-07-15,2699,,5
1983,2024-07-15,616,8487,1
1072,2024-07-15,5536,,5
646,2024-07-15,3090,,5
4397,2024-07-15,4206,,5
8329,2024-07-15,5002,,3
5179,2024-07-15,6069,,5
287,2024-07-15,8536,,3
8056,2024-07-15,3136,,5
921,2024-07-15,3090,,5
4030,2024-07-15,8567,,5
9503,2024-07-15,7530,,5
7048,2024-07-15,2708,,5
8592,2024-07-15,4109,,5
6061,2024-07-15,10216,,5
7506,2024-07-15,3663,,5
9845,2024-07-15,10675,,5
392,2024-07-15,6728,,5
9569,2024-07-15,2699,,5
7918,2024-07-15,11036,,3
6950,2024-07-15,445,,5
6599,2024-07-15,10203,,5
273,2024-07-15,9263,,5
7772,2024-07-15,8695,,5
4654,2024-07-15,3393,,5
7024,2024-07-15,1175,,5
3449,2024-07-15,5507,,5
2987,2024-07-15,4840,,5
3873,2024-07-15,9261,,5
606,2024-07-15,1296,,5
3896,2024-07-16,8965,,5
9148,2024-07-16,4512,,5
6719,2024-07-16,2597,,5
1197,2024-07-16,3717,,5
97,2024-07-16,9809,,1
4571,2024-07-16,11758,,5
7284,2024-07-16,9389,,5
2430,2024-07-16,6842,,5
2687,2024-07-16,2201,,5
4845,2024-07-16,11673,,3
7343,2024-07-16,3450,6102,1
8908,2024-07-16,8270,,5
172,2024-07-16,9739,,1
1638,2024-07-16,9590,,5
760,2024-07-16,11673,,5
7688,2024-07-16,9596,,5
930,2024-07-16,8409,,5
6095,2024-07-16,6842,,5
4424,2024-07-16,8270,,5
5868,2024-07-16,11758,,3
4527,2024-07-16,9389,,5
2038,2024-07-16,8270,,3
8819,2024-07-16,3225,,5
523,2024-07-16,8119,,5
1895,2024-07-16,515,,5
9434,2024-07-16,515,,5
9609,2024-07-16,6842,,5
7277,2024-07-16,8119,,5
7860,2024-07-16,6842,,5
6138,2024-07-16,227,,5
2326,2024-07-16,227,,5
7588,2024-07-16,11870,,5
4592,2024-07-16,10168,,1
1025,2024-07-16,7308,,5
6899,2024-07-16,8127,,5
4214,2024-07-16,5724,,5
1000,2024-07-16,8710,,5
4420,2024-07-16,11758,,3
3544,2024-07-16,7308,,5
1847,2024-07-16,6842,,5
6293,2024-07-16,11740,,3
65,2024-07-16,2464,,5
5047,2024-07-16,8270,,5
5089,2024-07-16,5670,,3
3286,2024-07-16,227,,5
2506,2024-07-16,5670,,5
6569,2024-07-16,1169,,5
3917,2024-07-16,5198,,1
7290,2024-07-16,11758,,5
8296,2024-07-16,8710,,5
5784,2024-07-16,11870,,5
1001,2024-07-16,8270,,4
2478,2024-07-16,10710,,5
5806,2024-07-16,11758,,5
2508,2024-07-16,2967,,5
2565,2024-07-16,11870,,5
9785,2024-07-16,10710,,4
5250,2024-07-16,3488,,5
8227,2024-07-16,3225,,5
5675,2024-07-16,3488,,3
1283,2024-07-16,7308,,3
6787,2024-07-16,8223,,5
6417,2024-07-16,7308,,5
9904,2024-07-16,468,,1
894,2024-07-16,11025,,1
7604,2024-07-16,5670,,5
7592,2024-07-16,11870,,5
2431,2024-07-16,5368,,5
8822,2024-07-16,5670,,5
6874,2024-07-16,7308,,5
300,2024-07-16,7308,,3
3321,2024-07-16,6653,,5
3311,2024-07-16,8418,,5
8028,2024-07-16,7308,,5
6161,2024-07-16,7308,,5
4647,2024-07-16,1547,,5
518,2024-07-16,3221,,4
39,2024-07-16,7308,,5
7019,2024-07-16,528,,5
8963,2024-07-16,10235,,5
904,2024-07-16,8931,,5
7065,2024-07-16,9634,,1
653,2024-07-16,7765,,5
8018,2024-07-16,1689,,5
2577,2024-07-16,1597,3696,1
536,2024-07-16,7765,,5
1368,2024-07-16,9446,,5
4900,2024-07-16,10564,,3
9171,2024-07-16,9446,,5
9849,2024-07-16,10564,,5
4498,2024-07-16,6505,,5
2331,2024-07-16,11674,,5
7893,2024-07-16,1597,5167,1
2724,2024-07-16,5833,,5
1666,2024-07-16,11674,,5
1560,2024-07-16,7218,,5
7872,2024-07-16,552,,5
4700,2024-07-16,9446,,5
652,2024-07-16,9446,,5
817,2024-07-16,1836,,1
6732,2024-07-16,9844,,1
428,2024-07-16,552,,5
7541,2024-07-16,2791,,3
1923,2024-07-16,9590,,5
9214,2024-07-16,11674,,5
5160,2024-07-16,707,,5
5110,2024-07-16,767,,3
2598,2024-07-16,7734,,3
1052,2024-07-16,8710,,5
533,2024-07-16,1740,,5
5210,2024-07-16,11791,,3
5416,2024-07-16,11791,,5
3069,2024-07-16,7308,,5
6796,2024-07-16,4158,,5
9907,2024-07-16,4158,,5
1855,2024-07-16,5917,,5
7979,2024-07-16,1913,,5
5569,2024-07-16,6713,,5
4825,2024-07-16,6511,,5
8462,2024-07-16,5179,,5
175,2024-07-16,8418,,5
9212,2024-07-16,7734,,5
8072,2024-07-16,9696,,3
3258,2024-07-16,4512,,5
5963,2024-07-16,3459,,5
5188,2024-07-16,1740,,5
1173,2024-07-16,11791,,3
559,2024-07-16,5910,,5
3779,2024-07-16,7360,,5
9751,2024-07-16,7308,,5
7355,2024-07-16,7218,,5
7863,2024-07-16,11791,,5
1191,2024-07-16,9466,,5
4147,2024-07-16,7308,,5
9710,2024-07-16,8159,,5
1684,2024-07-16,2706,,5
8663,2024-07-16,2463,,5
3561,2024-07-16,9329,,3
2947,2024-07-16,6367,,5
6490,2024-07-16,6367,,5
9164,2024-07-16,5179,,5
3542,2024-07-16,6357,,5
7160,2024-07-16,7360,,5
9187,2024-07-16,5910,,5
3279,2024-07-16,9466,,5
2187,2024-07-16,11674,,5
63,2024-07-16,1609,,3
61,2024-07-16,3967,,3
267,2024-07-16,5108,,5
8894,2024-07-16,2706,,5
5120,2024-07-16,5910,,3
1264,2024-07-16,4320,,5
7050,2024-07-16,111,,5
9967,2024-07-16,5592,,5
1363,2024-07-16,8786,,5
1829,2024-07-16,5910,,5
4208,2024-07-16,6511,,5
8095,2024-07-16,2463,,5
1566,2024-07-16,9329,,5
2015,2024-07-16,6357,,5
1227,2024-07-16,6960,,3
507,2024-07-16,1905,,5
785,2024-07-16,2791,,3
5795,2024-07-16,3912,,3
4802,2024-07-16,7080,,5
3380,2024-07-16,10645,,3
5941,2024-07-16,1905,,5
9326,2024-07-16,6357,,5
1941,2024-07-16,6357,,5
1491,2024-07-16,3541,,5
3356,2024-07-16,3131,,5
755,2024-07-16,8418,,5
1503,2024-07-16,1595,,5
2289,2024-07-16,9419,,1
1530,2024-07-16,5910,,5
5247,2024-07-16,8931,,5
9113,2024-07-16,3912,,5
4046,2024-07-16,8181,,5
5438,2024-07-16,2493,,5
8613,2024-07-16,8128,,5
1250,2024-07-16,111,,5
266,2024-07-16,1740,,3
2051,2024-07-16,4320,,3
1282,2024-07-16,5910,,5
2474,2024-07-16,1595,,3
810,2024-07-16,1595,,3
1328,2024-07-16,1740,,5
9947,2024-07-16,1595,,5
47,2024-07-16,9034,,5
341,2024-07-16,1740,,3
4250,2024-07-16,1815,,5
2639,2024-07-16,1595,,4
244,2024-07-16,6918,,5
5467,2024-07-16,8128,,5
7819,2024-07-16,2493,,5
4798,2024-07-16,1740,,5
3720,2024-07-16,3717,,3
685,2024-07-16,2714,,5
4752,2024-07-16,10628,,5
3112,2024-07-16,6960,,3
5281,2024-07-16,1507,,1
9394,2024-07-16,5772,,5
155,2024-07-16,8828,,5
6785,2024-07-16,2574,,5
4593,2024-07-16,7698,,5
5549,2024-07-16,2326,,3
9932,2024-07-16,3714,,5
2388,2024-07-16,511,,5
4568,2024-07-16,5144,,5
8001,2024-07-16,9903,,5
3454,2024-07-16,1206,9183,1
3887,2024-07-16,6922,,5
3631,2024-07-16,409,,5
2633,2024-07-16,6337,6337,1
3439,2024-07-16,6337,,4
9725,2024-07-16,5037,,5
374,2024-07-16,4097,,5
1303,2024-07-16,5037,,5
5454,2024-07-16,1626,,5
7114,2024-07-16,11136,,3
8781,2024-07-16,3379,,5
3390,2024-07-16,828,,5
1155,2024-07-16,9183,,5
6141,2024-07-16,4373,,5
3673,2024-07-16,5775,,5
1596,2024-07-16,8886,,5
990,2024-07-16,5886,,5
2384,2024-07-16,4097,,5
5321,2024-07-16,3379,,5
8031,2024-07-16,1595,,4
6155,2024-07-16,4320,,5
7064,2024-07-16,6854,,5
2454,2024-07-16,1595,,3
2784,2024-07-16,4072,,3
5397,2024-07-16,10543,,5
8106,2024-07-16,8494,,5
2382,2024-07-16,4074,,5
8429,2024-07-16,11136,,5
7649,2024-07-16,11791,,5
8910,2024-07-16,1177,,5
8769,2024-07-16,7991,,5
4104,2024-07-16,6456,,5
7509,2024-07-16,10504,,5
9270,2024-07-16,10874,,5
6958,2024-07-16,454,,3
7990,2024-07-16,5749,,5
6482,2024-07-16,556,,5
872,2024-07-16,6561,,5
8743,2024-07-16,9212,,5
8942,2024-07-16,11522,,5
4502,2024-07-16,2991,,5
9616,2024-07-16,6456,,3
7632,2024-07-16,5775,,5
558,2024-07-16,7789,,5
5164,2024-07-16,10254,,5
6230,2024-07-16,10885,,5
4659,2024-07-16,1286,,1
4049,2024-07-16,4373,,5
7051,2024-07-16,10504,,5
7043,2024-07-16,4717,,1
7456,2024-07-16,4320,,3
923,2024-07-16,3231,,3
8019,2024-07-16,5775,,5
3366,2024-07-16,2003,,3
9859,2024-07-16,1367,,3
4966,2024-07-16,3781,,1
3787,2024-07-16,9905,,5
4107,2024-07-16,10087,,5
289,2024-07-16,9905,,5
4500,2024-07-16,6373,,5
1867,2024-07-16,4320,,5
2620,2024-07-16,7294,,5
8863,2024-07-16,11098,,5
9038,2024-07-16,10394,,5
3509,2024-07-16,1260,,5
5196,2024-07-16,7747,,5
9735,2024-07-16,2701,,5
1911,2024-07-16,11565,,5
6970,2024-07-16,11749,,5
1697,2024-07-16,2787,,1
2124,2024-07-16,10087,,5
7169,2024-07-16,2003,,5
7900,2024-07-16,11258,,5
9821,2024-07-16,2003,,5
2095,2024-07-16,9465,,3
4356,2024-07-16,8032,,5
4953,2024-07-16,4320,,5
6983,2024-07-16,10234,,5
1541,2024-07-16,2914,,5
5066,2024-07-16,9072,,1
9273,2024-07-16,5200,,3
8621,2024-07-16,3960,,5
7334,2024-07-16,9495,,5
1294,2024-07-16,10885,,3
999,2024-07-16,8681,,5
3219,2024-07-16,3902,,5
8804,2024-07-16,2914,,5
6571,2024-07-16,10087,,5
1408,2024-07-16,3514,,5
9283,2024-07-16,8003,,1
1685,2024-07-16,3231,,5
551,2024-07-16,8384,,3
2192,2024-07-16,5069,,5
415,2024-07-16,3231,,5
3200,2024-07-16,2914,,5
8915,2024-07-16,10234,,3
5506,2024-07-16,7915,,1
4338,2024-07-16,8438,,3
9618,2024-07-16,2914,,3
4902,2024-07-16,5775,,5
1460,2024-07-16,1739,,5
1387,2024-07-16,7098,,3
1272,2024-07-16,10538,,5
2900,2024-07-16,10941,,5
9500,2024-07-16,1739,,5
892,2024-07-16,9607,,5
8921,2024-07-16,6456,,5
6357,2024-07-16,8900,,5
2709,2024-07-16,2707,,3
7180,2024-07-16,7188,,5
3167,2024-07-16,6557,,1
1293,2024-07-16,11079,,1
9304,2024-07-16,6411,,5
9385,2024-07-16,4913,,3
3688,2024-07-16,7226,,5
2529,2024-07-16,8900,,5
5911,2024-07-16,7226,,5
1850,2024-07-16,10542,,1
7703,2024-07-16,4913,,5
1157,2024-07-16,7045,,5
9206,2024-07-16,4913,,5
6284,2024-07-16,3274,,5
4159,2024-07-16,7615,,3
5171,2024-07-16,10046,,3
8777,2024-07-16,2941,,5
7236,2024-07-16,7257,,1
1872,2024-07-16,1992,,5
4103,2024-07-16,9679,,5
540,2024-07-16,8125,,5
7775,2024-07-16,11098,,5
9478,2024-07-16,11808,,5
8217,2024-07-16,199,,5
232,2024-07-16,3902,,5
2322,2024-07-16,2701,,5
7634,2024-07-16,199,,5
9917,2024-07-16,7226,,5
1418,2024-07-16,199,,5
6183,2024-07-16,7045,,5
8112,2024-07-16,337,,3
8251,2024-07-16,3274,,5
8994,2024-07-16,199,,5
7630,2024-07-16,7053,,1
1266,2024-07-16,8032,,5
4302,2024-07-16,10928,,4
7184,2024-07-16,2461,,1
9410,2024-07-16,5983,,5
1070,2024-07-16,199,,5
1682,2024-07-16,28,,5
1782,2024-07-16,7277,,5
1299,2024-07-16,11295,,5
2718,2024-07-16,199,,5
6789,2024-07-16,9607,,3
870,2024-07-16,7964,,4
2209,2024-07-16,1739,,5
6943,2024-07-16,5983,,5
4511,2024-07-16,4670,,5
4136,2024-07-16,199,,5
8089,2024-07-16,9584,,3
8940,2024-07-16,1260,,3
2607,2024-07-16,8032,,5
795,2024-07-16,7477,,3
5807,2024-07-16,5001,,1
6,2024-07-16,1884,,3
9916,2024-07-16,10988,,5
2071,2024-07-16,28,,5
7552,2024-07-16,9285,,5
3850,2024-07-16,8125,,5
5758,2024-07-16,2574,,5
1241,2024-07-16,199,,5
662,2024-07-16,199,,5
5734,2024-07-16,11079,,1
82,2024-07-16,8444,,5
2675,2024-07-16,3430,,5
2695,2024-07-16,10191,,5
1970,2024-07-16,199,,5
468,2024-07-16,5502,,1
1083,2024-07-16,28,,5
1128,2024-07-16,3244,,5
4701,2024-07-16,1585,,5
7171,2024-07-16,4825,,5
7330,2024-07-16,4825,,5
9961,2024-07-16,3018,9183,1
6529,2024-07-16,9720,,5
6784,2024-07-16,352,,5
377,2024-07-16,9371,,5
3852,2024-07-16,6456,,5
1976,2024-07-16,515,,5
8177,2024-07-16,2376,,5
416,2024-07-16,11169,,1
6093,2024-07-16,2854,,3
708,2024-07-16,10355,,1
1455,2024-07-16,5060,,1
5528,2024-07-16,10251,,4
6864,2024-07-16,5805,,5
9608,2024-07-16,7019,,1
9017,2024-07-16,10355,,1
7001,2024-07-16,9169,,1
6573,2024-07-16,11315,,1
9691,2024-07-16,7382,,1
9482,2024-07-16,9381,,1
1457,2024-07-16,10779,,5
8455,2024-07-16,3563,,1
8203,2024-07-16,180,,1
3150,2024-07-16,8887,,5
5583,2024-07-16,4526,,5
5145,2024-07-16,1103,,1
1526,2024-07-16,6399,,1
2495,2024-07-16,3065,,1
9878,2024-07-16,4510,,1
398,2024-07-16,8805,,1
9963,2024-07-16,10792,,1
4357,2024-07-16,1145,,5
3645,2024-07-16,1467,,3
3427,2024-07-16,8309,,5
3341,2024-07-16,2793,,5
5189,2024-07-16,10205,,5
3026,2024-07-16,10866,,5
553,2024-07-16,9247,,5
6707,2024-07-16,4526,,5
3980,2024-07-16,4261,,1
7768,2024-07-16,5719,,1
8129,2024-07-16,1100,,5
8446,2024-07-16,2964,,1
2945,2024-07-16,9682,,5
2702,2024-07-16,7381,,1
1346,2024-07-16,10263,,3
9743,2024-07-16,3455,,1
3239,2024-07-16,1595,,3
3971,2024-07-16,1945,,1
2345,2024-07-16,6624,,5
8638,2024-07-16,8095,,1
9795,2024-07-16,2782,,5
7677,2024-07-16,7712,,1
1912,2024-07-16,1672,,1
4796,2024-07-16,4239,,5
5597,2024-07-16,6579,,5
2170,2024-07-16,6492,,1
9908,2024-07-16,2973,,3
3095,2024-07-16,6194,,4
8322,2024-07-16,5543,,1
9708,2024-07-16,10518,,4
4122,2024-07-16,5388,,5
4824,2024-07-16,7734,,5
2429,2024-07-16,6194,,5
8717,2024-07-16,8780,,1
4731,2024-07-16,7205,,5
5983,2024-07-16,9574,,5
7141,2024-07-16,6918,,5
6765,2024-07-16,6279,,5
9957,2024-07-16,10250,,1
3501,2024-07-16,4526,,5
2738,2024-07-16,843,,5
5730,2024-07-16,180,,1
8831,2024-07-16,5382,,4
1379,2024-07-16,5273,,1
1843,2024-07-16,10126,,1
8565,2024-07-16,6255,,5
4549,2024-07-16,11674,,5
5041,2024-07-16,5290,,1
761,2024-07-16,2555,,1
9197,2024-07-16,8563,,1
9637,2024-07-16,172,,1
4364,2024-07-16,5223,,5
6330,2024-07-16,5503,,5
2765,2024-07-16,2906,,5
9240,2024-07-16,10271,,1
4890,2024-07-16,2487,,5
1107,2024-07-16,2215,,5
6218,2024-07-16,10600,,1
2171,2024-07-16,6636,,1
2974,2024-07-16,10885,,4
8082,2024-07-16,6587,,1
9753,2024-07-16,180,,1
6783,2024-07-16,2487,,5
7699,2024-07-16,7664,,1
7445,2024-07-16,6255,,5
7123,2024-07-16,6624,,5
9814,2024-07-16,8646,,3
9337,2024-07-16,2915,,5
5952,2024-07-16,10205,,5
4619,2024-07-16,8646,,5
9102,2024-07-16,2487,,5
8721,2024-07-16,3245,,5
1500,2024-07-16,4158,,5
6211,2024-07-16,2613,,5
5040,2024-07-16,8563,,1
7880,2024-07-16,7148,,1
1310,2024-07-16,2906,,4
31,2024-07-16,5621,,1
4171,2024-07-16,5877,,5
5059,2024-07-16,505,5184,1
3313,2024-07-16,6051,5184,1
3862,2024-07-16,2892,,1
1896,2024-07-16,5612,,3
3829,2024-07-16,5276,,3
2816,2024-07-16,2059,,3
3604,2024-07-16,7715,6851,1
3402,2024-07-16,1153,,3
5442,2024-07-16,4990,,5
3018,2024-07-16,10440,,5
4207,2024-07-16,4990,,5
1074,2024-07-16,9183,,5
4566,2024-07-16,5607,8726,5
2355,2024-07-16,7171,,1
3350,2024-07-16,10937,,4
2884,2024-07-16,7985,1529,1
3605,2024-07-16,3913,,3
5582,2024-07-16,3129,9183,1
7406,2024-07-16,9899,9237,1
6671,2024-07-16,5184,,1
1698,2024-07-16,10891,,1
4885,2024-07-16,9525,1529,1
102,2024-07-16,1661,,5
5256,2024-07-16,10891,,3
8209,2024-07-16,5184,,3
695,2024-07-16,9899,,1
5750,2024-07-16,10886,,3
193,2024-07-16,10371,,3
7426,2024-07-16,2889,9736,1
1672,2024-07-16,5954,,4
7885,2024-07-16,7599,1529,1
5898,2024-07-16,4823,3335,2
5545,2024-07-16,4120,,3
7788,2024-07-16,8856,,5
3933,2024-07-16,4926,,4
6957,2024-07-16,7296,,3
1488,2024-07-16,4441,,3
9573,2024-07-16,2098,,1
2755,2024-07-16,11138,,5
9090,2024-07-16,5182,,3
7428,2024-07-16,3129,9183,1
7132,2024-07-16,10096,,4
7134,2024-07-16,562,3278,1
7206,2024-07-16,11545,,5
6608,2024-07-16,11212,,1
7380,2024-07-16,2269,,3
8973,2024-07-16,3129,6102,1
6817,2024-07-16,562,3278,2
337,2024-07-16,4823,6883,1
2522,2024-07-16,8878,,1
7715,2024-07-16,4750,4750,5
4074,2024-07-16,9183,,4
9724,2024-07-16,5331,,3
6626,2024-07-16,2098,,1
8888,2024-07-16,5612,,3
8241,2024-07-16,3057,,5
4898,2024-07-16,284,,1
8704,2024-07-16,11095,,4
5578,2024-07-16,9899,2600,1
2378,2024-07-16,3317,,5
191,2024-07-16,2600,2600,4
8857,2024-07-16,11149,,2
1991,2024-07-16,3129,8537,1
825,2024-07-16,11721,,5
3365,2024-07-16,2600,,4
6219,2024-07-16,5543,5200,1
6509,2024-07-16,1961,,1
7423,2024-07-16,6614,,4
4219,2024-07-16,1189,,5
4750,2024-07-16,9912,,5
8560,2024-07-16,1076,,3
5440,2024-07-16,9899,,1
49,2024-07-16,9923,,5
725,2024-07-16,11095,7247,3
6201,2024-07-16,6519,,5
7723,2024-07-16,277,4287,1
987,2024-07-16,8490,8537,1
458,2024-07-16,678,6989,1
2760,2024-07-16,2235,,5
2658,2024-07-16,6925,,3
351,2024-07-16,10100,,4
4280,2024-07-16,6309,,4
2644,2024-07-16,7929,4287,5
1836,2024-07-16,8856,,4
6085,2024-07-16,41,,5
7989,2024-07-16,318,6751,1
6038,2024-07-16,5543,,1
5169,2024-07-16,6309,,4
6935,2024-07-16,318,,1
5599,2024-07-16,6385,,5
7947,2024-07-16,4138,,2
2984,2024-07-16,10418,,3
6730,2024-07-16,10515,,5
3014,2024-07-16,9343,,5
4812,2024-07-16,4823,8537,1
6921,2024-07-16,5372,,1
7558,2024-07-16,9912,,5
5063,2024-07-16,8751,8384,1
3881,2024-07-16,3500,,3
3409,2024-07-16,6102,,5
5109,2024-07-16,9330,,5
2104,2024-07-16,6579,,3
5186,2024-07-16,9935,,5
8558,2024-07-16,1336,,1
307,2024-07-16,1992,,5
8811,2024-07-16,1747,,1
3679,2024-07-16,1185,,5
7696,2024-07-16,1821,,5
2473,2024-07-16,3968,,5
37,2024-07-16,1658,,5
4974,2024-07-16,4810,,5
1240,2024-07-16,9292,,1
9809,2024-07-16,3916,,5
9647,2024-07-16,1579,,5
7452,2024-07-16,10153,,5
365,2024-07-16,2748,,5
6335,2024-07-16,6665,,1
4717,2024-07-16,1747,,1
2528,2024-07-16,4007,,5
9252,2024-07-16,6716,,1
982,2024-07-16,11802,,3
788,2024-07-16,1009,,3
2920,2024-07-16,2519,,1
5833,2024-07-16,1747,,1
7835,2024-07-16,10224,,5
984,2024-07-16,7979,,3
2052,2024-07-16,9292,,1
4436,2024-07-16,5936,,5
8812,2024-07-16,3916,,5
9620,2024-07-16,1821,,5
8037,2024-07-16,5679,,5
2088,2024-07-16,5642,,1
2787,2024-07-16,7422,,3
3324,2024-07-16,7681,,5
7770,2024-07-16,2519,,1
8714,2024-07-16,4509,,1
1968,2024-07-16,6561,,5
442,2024-07-16,1717,,1
2969,2024-07-16,3431,,5
8687,2024-07-16,11154,,5
2928,2024-07-16,3916,,5
1397,2024-07-16,9956,,1
4535,2024-07-16,11209,,5
630,2024-07-16,9568,,1
312,2024-07-16,11163,,5
2851,2024-07-16,2748,,5
9648,2024-07-16,1907,,1
7245,2024-07-16,5283,,1
2649,2024-07-16,2124,,5
4456,2024-07-16,11616,,1
1946,2024-07-16,2507,,3
8179,2024-07-16,3819,,1
8076,2024-07-16,5642,,1
9384,2024-07-16,3561,,3
85,2024-07-16,6717,,1
5685,2024-07-16,9720,,5
4648,2024-07-16,7659,,3
8561,2024-07-16,3829,,5
4468,2024-07-16,2782,,5
1904,2024-07-16,7734,,5
1931,2024-07-16,4331,,3
8141,2024-07-16,2748,,5
5577,2024-07-16,4665,,5
1338,2024-07-16,1933,,5
5602,2024-07-16,4658,,5
5162,2024-07-16,7659,,5
3822,2024-07-16,3829,,5
8866,2024-07-16,10047,,1
2708,2024-07-16,7641,,1
5333,2024-07-16,7040,,5
9321,2024-07-16,3482,,5
8696,2024-07-16,2979,,5
1979,2024-07-16,2982,,5
3958,2024-07-16,7681,,3
640,2024-07-16,6225,,5
251,2024-07-16,6662,,5
1498,2024-07-16,3358,,5
1732,2024-07-16,9866,,5
1737,2024-07-16,6811,,5
993,2024-07-16,1848,,3
9166,2024-07-16,2782,,5
4135,2024-07-16,5499,,5
9585,2024-07-16,7005,,5
8156,2024-07-16,67,,5
4691,2024-07-16,7265,,5
8546,2024-07-16,2166,,3
9881,2024-07-16,1747,,1
9921,2024-07-16,9866,,3
7737,2024-07-16,8570,,3
9959,2024-07-16,7519,,5
6799,2024-07-16,6208,,1
189,2024-07-16,10554,,5
5276,2024-07-16,4510,,1
6394,2024-07-16,878,,1
5727,2024-07-16,4955,,1
6513,2024-07-16,7641,,1
4131,2024-07-16,8212,,5
6575,2024-07-16,1716,,3
199,2024-07-16,4451,,1
5859,2024-07-16,8493,2892,1
7955,2024-07-16,888,,3
1129,2024-07-16,9183,,5
604,2024-07-16,2703,2892,5
6547,2024-07-16,384,,5
8960,2024-07-16,318,8726,3
8189,2024-07-16,6647,,1
9876,2024-07-16,2639,4039,1
1375,2024-07-16,8671,8671,3
1651,2024-07-16,5265,,3
4457,2024-07-16,11721,,5
5673,2024-07-16,7993,,5
2352,2024-07-16,6916,,5
3545,2024-07-16,1206,10401,1
1586,2024-07-16,2265,4287,1
6082,2024-07-16,6543,2098,3
964,2024-07-16,1529,,5
9189,2024-07-16,11578,,5
6461,2024-07-16,6543,5565,3
827,2024-07-16,6543,4863,3
5029,2024-07-16,5182,,1
3622,2024-07-16,11382,,3
2548,2024-07-16,6543,8357,3
3813,2024-07-16,9458,5938,1
6646,2024-07-16,8671,,3
5924,2024-07-16,7739,2801,1
2674,2024-07-16,9455,4287,1
948,2024-07-16,5960,,3
2534,2024-07-16,10114,4287,4
5149,2024-07-16,1046,8537,5
6859,2024-07-16,6991,,3
8410,2024-07-16,6543,8207,3
1489,2024-07-16,6543,5934,3
1630,2024-07-16,2751,,3
9006,2024-07-16,6543,10285,3
5809,2024-07-16,2007,,4
2591,2024-07-16,6543,8671,3
5234,2024-07-16,9309,,5
1556,2024-07-16,6543,,3
3566,2024-07-16,141,141,5
4869,2024-07-16,564,7095,1
5864,2024-07-16,141,,5
5805,2024-07-16,9183,,5
2376,2024-07-16,2751,,3
9120,2024-07-16,10046,,3
7810,2024-07-16,8671,8671,3
8131,2024-07-16,2107,,1
1322,2024-07-16,10285,,3
211,2024-07-16,7118,,3
9344,2024-07-16,7118,,3
4989,2024-07-16,318,,3
836,2024-07-16,5281,,1
2457,2024-07-16,2106,,5
1600,2024-07-16,318,,3
3220,2024-07-16,10916,,5
9379,2024-07-16,1761,,3
9611,2024-07-16,46,10926,2
6315,2024-07-16,6991,,1
5215,2024-07-16,6678,7647,5
2734,2024-07-16,3415,,5
9095,2024-07-16,7169,,5
2858,2024-07-16,10046,,3
4475,2024-07-16,6999,,5
1769,2024-07-16,3183,10420,1
3754,2024-07-16,6999,,5
4412,2024-07-16,318,5182,3
2176,2024-07-16,8671,,3
2890,2024-07-16,9383,4287,5
9263,2024-07-16,1281,,4
6627,2024-07-16,4971,,5
187,2024-07-16,8180,5182,1
4632,2024-07-16,5184,,4
5932,2024-07-16,1385,,1
3186,2024-07-16,861,,3
6815,2024-07-16,6985,,3
4928,2024-07-16,7869,,3
9953,2024-07-16,10891,,4
8237,2024-07-16,11745,,5
9912,2024-07-16,4039,,4
6459,2024-07-16,318,,3
6414,2024-07-16,11095,,5
7080,2024-07-16,10936,,1
5191,2024-07-16,10096,,5
1290,2024-07-16,2073,8584,1
3558,2024-07-16,3369,,2
1688,2024-07-16,318,,3
5957,2024-07-16,4863,,3
3538,2024-07-16,4863,,3
422,2024-07-16,5667,5184,1
2780,2024-07-16,7428,,3
3364,2024-07-16,5793,,5
11,2024-07-16,3237,5304,3
5601,2024-07-16,6051,888,1
5039,2024-07-16,277,764,1
5507,2024-07-16,10728,,3
5341,2024-07-16,318,,3
4425,2024-07-16,5612,,3
9854,2024-07-16,3126,,3
1278,2024-07-16,4039,,5
7504,2024-07-16,318,,1
5049,2024-07-17,1169,1529,5
6088,2024-07-17,4402,8046,2
6025,2024-07-17,2618,,1
6111,2024-07-17,7031,7095,1
7399,2024-07-17,6306,4646,1
5879,2024-07-17,5864,,5
4141,2024-07-17,11102,,5
9646,2024-07-17,2198,2600,1
8163,2024-07-17,6093,,3
8403,2024-07-17,7654,,3
3547,2024-07-17,3219,,5
8120,2024-07-17,3219,,5
413,2024-07-17,9675,7140,1
2332,2024-07-17,3219,,5
6238,2024-07-17,9284,8667,2
2843,2024-07-17,3219,,5
5409,2024-07-17,3219,,5
6278,2024-07-17,3118,,5
4146,2024-07-17,6505,,4
5607,2024-07-17,6087,,5
8395,2024-07-17,10325,,5
7296,2024-07-17,5656,,1
8212,2024-07-17,6087,,5
9806,2024-07-17,2514,,5
3005,2024-07-17,2334,,1
584,2024-07-17,7668,,1
8258,2024-07-17,10325,,3
3874,2024-07-17,10384,,5
9613,2024-07-17,4980,,5
5163,2024-07-17,5254,,2
5129,2024-07-17,4053,,5
838,2024-07-17,10325,,5
2194,2024-07-17,10384,,5
6803,2024-07-17,10384,,5
7270,2024-07-17,949,,5
3453,2024-07-17,9721,,1
3516,2024-07-17,7862,,1
771,2024-07-17,3090,,5
5255,2024-07-17,4053,,5
310,2024-07-17,10384,,5
9642,2024-07-17,4053,,5
4704,2024-07-17,4053,,5
8364,2024-07-17,8698,,5
6169,2024-07-17,9721,,5
7422,2024-07-17,4053,,5
3388,2024-07-17,8119,,5
4293,2024-07-17,3118,,5
3414,2024-07-17,7668,,1
7363,2024-07-17,5366,,5
7258,2024-07-17,9721,,3
6909,2024-07-17,6087,,5
868,2024-07-17,1453,,1
5334,2024-07-17,4053,,5
7318,2024-07-17,10455,,1
8798,2024-07-17,4053,,5
332,2024-07-17,3829,,4
5997,2024-07-17,4503,,5
5934,2024-07-17,4053,,1
4649,2024-07-17,2443,,5
6326,2024-07-17,7929,,5
1269,2024-07-17,7012,,5
4060,2024-07-17,5744,,1
7335,2024-07-17,1981,,5
4695,2024-07-17,8119,,5
5863,2024-07-17,7668,,1
7856,2024-07-17,2707,,5
5015,2024-07-17,2606,,5
8554,2024-07-17,6087,,5
2513,2024-07-17,4963,,5
5744,2024-07-17,2707,,1
7117,2024-07-17,10253,,1
4252,2024-07-17,9562,,5
2982,2024-07-17,2707,,1
6032,2024-07-17,6933,,5
9783,2024-07-17,1169,,3
3266,2024-07-17,11791,,5
9790,2024-07-17,6733,,5
7250,2024-07-17,11357,,1
1133,2024-07-17,1169,,5
9019,2024-07-17,10384,,5
9781,2024-07-17,4256,,5
4804,2024-07-17,10781,,1
8625,2024-07-17,3829,,5
5838,2024-07-17,327,,5
7229,2024-07-17,11791,,4
8266,2024-07-17,10384,,5
4395,2024-07-17,5752,,5
8840,2024-07-17,10384,,5
4121,2024-07-17,2443,,5
4637,2024-07-17,116,,3
2630,2024-07-17,2707,,5
2165,2024-07-17,539,,1
3977,2024-07-17,4767,,5
6954,2024-07-17,1603,,5
4089,2024-07-17,8274,,5
192,2024-07-17,10455,,1
1449,2024-07-17,1592,,1
6228,2024-07-17,8698,,5
6901,2024-07-17,2492,,5
1300,2024-07-17,8698,,3
4026,2024-07-17,6080,,5
9191,2024-07-17,5366,,5
2164,2024-07-17,10927,,1
2218,2024-07-17,8698,,5
9440,2024-07-17,8103,,5
5185,2024-07-17,8698,,5
4251,2024-07-17,11864,,1
3012,2024-07-17,623,,3
3880,2024-07-17,5353,,3
510,2024-07-17,5686,,5
2530,2024-07-17,10384,,5
6826,2024-07-17,8116,,5
148,2024-07-17,4433,,5
4195,2024-07-17,7012,,5
8601,2024-07-17,847,,5
2968,2024-07-17,327,,5
3156,2024-07-17,2945,,5
4260,2024-07-17,4053,,5
3584,2024-07-17,5353,,5
8124,2024-07-17,327,,5
6312,2024-07-17,8510,,5
6463,2024-07-17,4812,,5
9282,2024-07-17,4053,,5
6486,2024-07-17,1603,,5
1536,2024-07-17,5353,,5
4253,2024-07-17,327,,3
4991,2024-07-17,5752,,5
3997,2024-07-17,2598,,1
4765,2024-07-17,8274,,5
1020,2024-07-17,4053,,5
3709,2024-07-17,7383,,3
992,2024-07-17,8637,,5
8976,2024-07-17,11524,,1
303,2024-07-17,4053,,5
713,2024-07-17,327,,5
7101,2024-07-17,9916,,5
3111,2024-07-17,327,,5
5202,2024-07-17,7012,,5
5836,2024-07-17,10541,,1
5158,2024-07-17,4526,,3
5,2024-07-17,1603,,5
3568,2024-07-17,7012,,5
1758,2024-07-17,1321,,5
1325,2024-07-17,327,,5
9721,2024-07-17,4526,,5
8632,2024-07-17,327,,5
2830,2024-07-17,4526,,5
3689,2024-07-17,327,,3
3948,2024-07-17,10506,,5
8646,2024-07-17,6617,,1
1620,2024-07-17,327,,5
8255,2024-07-17,7012,,5
6851,2024-07-17,4576,,5
6307,2024-07-17,4576,,5
2246,2024-07-17,5366,,5
1361,2024-07-17,9675,,1
5259,2024-07-17,7619,,1
3992,2024-07-17,5686,,1
3712,2024-07-17,10203,,5
4884,2024-07-17,10384,,1
4707,2024-07-17,8293,,1
250,2024-07-17,4265,,5
8366,2024-07-17,6306,,1
1459,2024-07-17,327,,3
2772,2024-07-17,327,,5
712,2024-07-17,174,,5
1055,2024-07-17,327,,5
1774,2024-07-17,1739,,5
9982,2024-07-17,4576,,5
7298,2024-07-17,1,,5
8347,2024-07-17,867,,1
7073,2024-07-17,9901,,5
2592,2024-07-17,1603,,5
3420,2024-07-17,1,,5
8951,2024-07-17,10150,,1
7568,2024-07-17,4060,,5
349,2024-07-17,8171,,1
7199,2024-07-17,8293,,1
2925,2024-07-17,11357,,1
2966,2024-07-17,1,,5
8060,2024-07-17,8183,,1
4449,2024-07-17,5186,,5
6766,2024-07-17,4872,,1
5619,2024-07-17,5883,,3
7337,2024-07-17,11260,,5
254,2024-07-17,8119,,4
9605,2024-07-17,4256,,5
7301,2024-07-17,11202,,5
3083,2024-07-17,6538,,5
6772,2024-07-17,4526,,5
5240,2024-07-17,8976,,5
9386,2024-07-17,174,,5
5928,2024-07-17,5752,,5
4736,2024-07-17,10384,,5
7086,2024-07-17,2760,,1
585,2024-07-17,3505,,4
926,2024-07-17,1050,,1
9419,2024-07-17,7997,,1
3947,2024-07-17,134,,1
208,2024-07-17,5262,,5
2621,2024-07-17,1791,,5
7058,2024-07-17,4028,,1
3809,2024-07-17,6010,,5
8936,2024-07-17,5768,,1
7848,2024-07-17,327,,5
914,2024-07-17,9414,,5
8036,2024-07-17,3379,,5
9529,2024-07-17,6856,,5
2370,2024-07-17,8675,,5
3138,2024-07-17,2439,,5
6744,2024-07-17,4491,,1
7807,2024-07-17,11361,,1
4109,2024-07-17,4050,,5
2472,2024-07-17,2676,,1
4778,2024-07-17,10879,,1
1961,2024-07-17,11017,,5
4506,2024-07-17,8484,,1
9436,2024-07-17,1413,,5
7474,2024-07-17,7873,,5
5961,2024-07-17,3276,,1
4187,2024-07-17,3461,,5
5823,2024-07-17,327,,5
9026,2024-07-17,7160,,1
680,2024-07-17,1369,,5
798,2024-07-17,6293,,5
2020,2024-07-17,8421,,3
6236,2024-07-17,4991,,1
3489,2024-07-17,11258,,5
425,2024-07-17,5843,,3
132,2024-07-17,11331,,5
5882,2024-07-17,165,,5
3050,2024-07-17,9869,,5
6843,2024-07-17,9445,,5
8319,2024-07-17,9330,,5
8232,2024-07-17,10925,,5
9582,2024-07-17,9414,,1
5243,2024-07-17,5880,,5
9103,2024-07-17,1483,,1
5819,2024-07-17,4355,,5
879,2024-07-17,3074,,1
8493,2024-07-17,3241,,1
9594,2024-07-17,9445,,5
1881,2024-07-17,11331,,5
6773,2024-07-17,5567,,1
9901,2024-07-17,7873,,5
7248,2024-07-17,5321,,5
5790,2024-07-17,3379,,5
2895,2024-07-17,11328,,2
6429,2024-07-17,2777,,5
6193,2024-07-17,3461,,5
5003,2024-07-17,7294,,5
8298,2024-07-17,6598,,1
5402,2024-07-17,3619,,5
3906,2024-07-17,5180,,3
5444,2024-07-17,11272,,1
4190,2024-07-17,11646,,5
1775,2024-07-17,8484,,3
2757,2024-07-17,7480,,5
5846,2024-07-17,841,,5
4680,2024-07-17,8618,,5
5317,2024-07-17,7715,,1
9323,2024-07-17,8930,,1
5194,2024-07-17,3831,,4
9200,2024-07-17,3379,,5
5140,2024-07-17,9017,,1
4226,2024-07-17,5180,,5
3006,2024-07-17,2476,,1
100,2024-07-17,10277,,5
8544,2024-07-17,5213,,4
4743,2024-07-17,7798,,4
5907,2024-07-17,10441,,1
647,2024-07-17,11136,,5
2188,2024-07-17,2777,,5
6225,2024-07-17,9217,,5
9041,2024-07-17,2317,,1
5395,2024-07-17,1260,,4
448,2024-07-17,11522,,5
3727,2024-07-17,2254,,5
3520,2024-07-17,6702,,1
7300,2024-07-17,11646,,5
873,2024-07-17,11522,,4
3037,2024-07-17,8216,,3
8223,2024-07-17,3619,,5
738,2024-07-17,11163,,5
520,2024-07-17,8008,,1
686,2024-07-17,2777,,5
1224,2024-07-17,9205,,5
2012,2024-07-17,10048,,5
1776,2024-07-17,9467,,2
2594,2024-07-17,767,,5
2519,2024-07-17,1081,,2
1080,2024-07-17,11646,,5
633,2024-07-17,4501,,5
7740,2024-07-17,6521,,5
1864,2024-07-17,1049,,5
4653,2024-07-17,10699,,5
7940,2024-07-17,3824,,1
4698,2024-07-17,6977,,1
2349,2024-07-17,5843,,5
4837,2024-07-17,1232,,1
3008,2024-07-17,1330,,1
7238,2024-07-17,10504,,5
1792,2024-07-17,5213,,5
8107,2024-07-17,2501,,5
1665,2024-07-17,5772,,5
3957,2024-07-17,11103,,5
1321,2024-07-17,6736,,1
9651,2024-07-17,10442,,3
9744,2024-07-17,11746,,5
5286,2024-07-17,8388,,1
6995,2024-07-17,11295,,5
1103,2024-07-17,5843,,5
974,2024-07-17,7498,,5
2499,2024-07-17,5340,,3
8929,2024-07-17,8216,,5
7847,2024-07-17,9467,,5
1849,2024-07-17,3482,,5
2365,2024-07-17,945,,5
1824,2024-07-17,4766,,1
3574,2024-07-17,7792,,5
2146,2024-07-17,3133,,5
549,2024-07-17,9857,,1
4181,2024-07-17,5267,,5
6982,2024-07-17,8832,,1
8228,2024-07-17,5385,,1
8842,2024-07-17,10654,,1
3624,2024-07-17,3985,,5
9629,2024-07-17,5843,,5
2447,2024-07-17,11295,,4
7338,2024-07-17,8152,,1
9314,2024-07-17,7151,,5
3168,2024-07-17,7328,,5
6546,2024-07-17,6153,,5
7612,2024-07-17,6838,,4
2531,2024-07-17,6535,,5
4521,2024-07-17,6823,,1
2546,2024-07-17,327,,5
1209,2024-07-17,7353,,1
2700,2024-07-17,8932,,2
6545,2024-07-17,5213,,5
9624,2024-07-17,7394,,5
2141,2024-07-17,327,,5
4753,2024-07-17,3074,,1
8634,2024-07-17,7988,,5
1317,2024-07-17,4951,,5
3815,2024-07-17,7239,,1
3059,2024-07-17,10545,,1
9192,2024-07-17,3824,,1
8475,2024-07-17,9485,,5
2741,2024-07-17,8195,,5
3527,2024-07-17,9857,,1
8800,2024-07-17,8216,,5
9124,2024-07-17,8825,,5
6345,2024-07-17,8865,,5
5103,2024-07-17,10048,,5
715,2024-07-17,8681,,5
9327,2024-07-17,5180,,5
385,2024-07-17,4830,,3
3379,2024-07-17,1512,7016,1
2281,2024-07-17,1512,9827,1
7806,2024-07-17,7195,5191,1
6209,2024-07-17,5261,9417,1
2485,2024-07-17,1608,,3
246,2024-07-17,2991,,5
2064,2024-07-17,522,,3
7485,2024-07-17,6791,8138,3
57,2024-07-17,5412,1529,2
3255,2024-07-17,1386,4287,1
4985,2024-07-17,6337,,5
2869,2024-07-17,487,,3
7463,2024-07-17,9645,,1
1399,2024-07-17,4709,4039,5
5000,2024-07-17,344,,5
3634,2024-07-17,1888,,1
8280,2024-07-17,6926,,4
4343,2024-07-17,594,,1
7473,2024-07-17,1147,4287,5
3274,2024-07-17,4030,,3
9399,2024-07-17,10595,,5
3591,2024-07-17,11497,7543,1
6244,2024-07-17,8244,,3
3494,2024-07-17,1285,,3
546,2024-07-17,2930,,1
1395,2024-07-17,9375,,1
8959,2024-07-17,5412,6691,2
7218,2024-07-17,11684,274,1
7023,2024-07-17,8014,,5
3185,2024-07-17,344,,5
5959,2024-07-17,10232,540,1
3766,2024-07-17,8803,,3
2980,2024-07-17,5531,,3
1378,2024-07-17,11638,,3
748,2024-07-17,11684,11477,1
8250,2024-07-17,752,,1
1184,2024-07-17,11432,,5
8603,2024-07-17,11432,,5
4266,2024-07-17,2171,,3
1444,2024-07-17,7932,8537,1
2634,2024-07-17,9348,,1
1049,2024-07-17,11875,3019,5
7909,2024-07-17,5865,,4
1571,2024-07-17,601,10434,5
9698,2024-07-17,1125,,3
5270,2024-07-17,3237,10910,1
9926,2024-07-17,11875,3214,1
8090,2024-07-17,9958,,1
2424,2024-07-17,763,663,5
5725,2024-07-17,9958,2382,1
6366,2024-07-17,9309,,5
8473,2024-07-17,8601,4273,1
1543,2024-07-17,11441,6111,1
9565,2024-07-17,9669,11830,1
5789,2024-07-17,1347,11,3
8805,2024-07-17,4656,8773,1
1587,2024-07-17,9987,4582,1
1738,2024-07-17,560,,1
1928,2024-07-17,11543,7095,1
3543,2024-07-17,560,,1
3362,2024-07-17,5966,,1
9506,2024-07-17,418,,1
5404,2024-07-17,500,5490,1
2672,2024-07-17,2717,,3
6700,2024-07-17,6584,,4
3434,2024-07-17,7626,,2
5536,2024-07-17,1509,,1
9895,2024-07-17,5182,,3
1705,2024-07-17,550,8726,1
828,2024-07-17,112,773,3
4578,2024-07-17,5565,,3
2310,2024-07-17,4197,5304,5
741,2024-07-17,11649,5318,1
8990,2024-07-17,10875,5182,1
3240,2024-07-17,7566,,1
7535,2024-07-17,4291,,4
2290,2024-07-17,6423,10401,1
6000,2024-07-17,9923,,3
4696,2024-07-17,342,2647,3
4725,2024-07-17,8895,,4
4273,2024-07-17,6709,11830,4
3360,2024-07-17,7626,,3
5360,2024-07-17,2177,4587,1
1249,2024-07-17,8378,9417,1
7478,2024-07-17,8895,,3
5441,2024-07-17,4039,,3
9341,2024-07-17,4283,6310,1
2852,2024-07-17,140,545,5
3541,2024-07-17,6991,,2
7638,2024-07-17,6610,7927,1
1289,2024-07-17,5182,,3
2169,2024-07-17,6255,2277,5
6537,2024-07-17,5372,,1
1598,2024-07-17,9523,5612,2
8774,2024-07-17,4769,,3
1011,2024-07-17,250,6787,3
8926,2024-07-17,8261,,1
8984,2024-07-17,1220,7927,1
6114,2024-07-17,7342,,1
6675,2024-07-17,10046,,4
9791,2024-07-17,1659,2895,4
735,2024-07-17,10910,3237,5
5897,2024-07-17,9899,9923,1
4076,2024-07-17,7003,6040,3
7156,2024-07-17,10549,10790,1
5918,2024-07-17,7233,301,4
4939,2024-07-17,8986,,3
5511,2024-07-17,8149,8149,1
6199,2024-07-17,7003,9183,2
1844,2024-07-17,639,8366,4
1504,2024-07-17,7804,,3
9574,2024-07-17,5612,,3
2050,2024-07-17,7003,618,1
1464,2024-07-17,2330,,1
7382,2024-07-17,7003,1077,3
9157,2024-07-17,10119,,3
618,2024-07-17,8051,,3
9872,2024-07-17,9081,,4
1809,2024-07-17,7003,274,1
125,2024-07-17,5968,,1
336,2024-07-17,639,5495,3
7142,2024-07-17,10461,6957,1
8871,2024-07-17,2990,3724,1
6132,2024-07-17,10486,10011,2
3309,2024-07-17,7003,6102,1
6271,2024-07-17,7003,7927,1
5138,2024-07-17,7003,6714,2
3705,2024-07-17,8149,11490,1
5429,2024-07-17,182,,1
1050,2024-07-17,269,,2
147,2024-07-17,4882,8671,3
2221,2024-07-17,6424,,3
6231,2024-07-17,7003,3278,2
9173,2024-07-17,7003,2137,2
3955,2024-07-17,91,,5
3044,2024-07-17,983,10401,1
237,2024-07-17,3325,7252,4
3960,2024-07-17,7003,141,1
6474,2024-07-17,9557,,3
1353,2024-07-17,3128,,5
5692,2024-07-17,5473,,1
1357,2024-07-17,5814,,5
8033,2024-07-17,8099,,1
8154,2024-07-17,5449,,5
2996,2024-07-17,1177,,4
8539,2024-07-17,1140,,5
7551,2024-07-17,8916,,5
2463,2024-07-17,295,,3
5494,2024-07-17,3422,,5
9340,2024-07-17,902,,5
1482,2024-07-17,8570,,5
7297,2024-07-17,11693,,5
6907,2024-07-17,5814,,5
7705,2024-07-17,6671,,3
4232,2024-07-17,6698,,1
9182,2024-07-17,8513,,3
3367,2024-07-17,3785,,5
6837,2024-07-17,6882,,1
2668,2024-07-17,8514,,1
1935,2024-07-17,5139,,5
2244,2024-07-17,11073,,5
6412,2024-07-17,10233,,5
2291,2024-07-17,8644,,5
1678,2024-07-17,174,,5
9050,2024-07-17,1936,,1
5996,2024-07-17,4233,,5
9139,2024-07-17,7880,,5
6264,2024-07-17,9506,,5
6931,2024-07-17,8030,,4
6697,2024-07-17,6659,,4
6010,2024-07-17,4451,,1
8252,2024-07-17,2616,,4
2913,2024-07-17,6568,,2
4113,2024-07-17,6915,,4
7792,2024-07-17,174,,5
1154,2024-07-17,4348,,5
2306,2024-07-17,46,,1
1962,2024-07-17,6187,,3
5660,2024-07-17,469,,4
35,2024-07-17,3635,,5
1136,2024-07-17,9720,,5
2111,2024-07-17,4074,,5
7549,2024-07-17,3785,,5
9392,2024-07-17,5814,,3
7262,2024-07-17,5139,,4
6081,2024-07-17,3685,,5
5448,2024-07-17,9534,,4
9829,2024-07-17,6811,,5
3607,2024-07-17,2512,,4
4998,2024-07-17,3070,,2
8354,2024-07-17,3422,,4
4414,2024-07-17,4348,,3
3513,2024-07-17,1738,,3
3625,2024-07-17,5814,,5
9614,2024-07-17,4937,,4
7888,2024-07-17,7757,,5
3952,2024-07-17,1177,,5
1977,2024-07-17,5212,,5
4561,2024-07-17,1823,,5
8629,2024-07-17,10233,,5
5653,2024-07-17,9529,,1
8849,2024-07-17,4279,,3
3556,2024-07-17,174,,5
1739,2024-07-17,11063,,5
7590,2024-07-17,174,,4
3662,2024-07-17,9840,,4
1815,2024-07-17,3666,,5
9995,2024-07-17,9720,,5
169,2024-07-17,6707,,1
4876,2024-07-17,5217,,3
327,2024-07-17,6355,,5
5580,2024-07-17,3956,,3
1315,2024-07-17,11782,,5
2250,2024-07-17,4561,,5
4831,2024-07-17,1213,,5
9437,2024-07-17,1755,,1
7003,2024-07-17,8099,,1
1340,2024-07-17,11782,,1
6543,2024-07-17,7929,,4
7702,2024-07-17,11119,,1
116,2024-07-17,1297,,2
890,2024-07-17,3446,,4
270,2024-07-17,947,,5
4404,2024-07-17,7079,,1
387,2024-07-17,3541,,5
3154,2024-07-17,3785,,4
8701,2024-07-17,7998,,5
4283,2024-07-17,4159,,3
400,2024-07-17,6762,,1
1653,2024-07-17,1652,,1
2704,2024-07-17,9464,,2
2154,2024-07-17,3160,,5
9575,2024-07-17,10693,,1
1275,2024-07-17,10205,,5
9812,2024-07-17,11111,,5
8358,2024-07-17,1140,,4
5689,2024-07-17,10233,,4
6884,2024-07-17,8453,,5
9699,2024-07-17,5831,,1
5853,2024-07-17,5167,,2
5057,2024-07-17,2635,,1
835,2024-07-17,5612,,3
4538,2024-07-17,5560,5560,5
2147,2024-07-17,1556,,4
3987,2024-07-17,1523,,5
8284,2024-07-17,1773,,2
5128,2024-07-17,2601,5565,4
5503,2024-07-17,4836,,5
6589,2024-07-17,1425,3324,2
1398,2024-07-17,7826,5182,1
3760,2024-07-17,8051,,3
1137,2024-07-17,6983,5575,1
75,2024-07-17,9557,,3
463,2024-07-17,3880,430,5
5279,2024-07-17,1308,,4
625,2024-07-17,10420,10420,3
8187,2024-07-17,4441,,3
122,2024-07-17,4441,,3
2640,2024-07-17,4441,,3
2965,2024-07-17,9886,850,1
461,2024-07-17,5346,,4
407,2024-07-17,8117,4287,1
6762,2024-07-17,3496,1529,1
9824,2024-07-17,5056,,3
7726,2024-07-17,3319,4287,2
9205,2024-07-17,11842,4287,5
5770,2024-07-17,937,5316,5
5926,2024-07-17,5257,,5
2348,2024-07-17,2363,2889,3
954,2024-07-17,2690,8369,2
722,2024-07-17,1652,,1
2362,2024-07-17,10259,8870,1
165,2024-07-17,4353,274,1
354,2024-07-17,7488,,1
8147,2024-07-17,937,8726,1
2740,2024-07-17,10196,7095,5
8367,2024-07-17,8867,11477,1
5568,2024-07-17,8473,1529,1
6768,2024-07-17,3916,,5
4860,2024-07-17,2076,,3
6060,2024-07-17,2720,6344,5
6632,2024-07-17,9679,,1
10,2024-07-17,5988,,1
9717,2024-07-17,4942,,2
379,2024-07-17,3613,,1
9293,2024-07-17,9988,,5
4423,2024-07-17,10168,,1
4515,2024-07-17,9348,,5
8268,2024-07-17,5071,,3
2007,2024-07-17,1585,,5
4863,2024-07-17,7667,,2
3441,2024-07-17,7277,,3
4656,2024-07-17,3941,,5
1066,2024-07-17,7040,,2
3113,2024-07-17,1697,,5
637,2024-07-17,2188,,5
9368,2024-07-17,8649,,1
3151,2024-07-17,8748,,2
2854,2024-07-17,5961,,1
7481,2024-07-17,3941,,3
6258,2024-07-17,1133,,5
8447,2024-07-17,11419,,5
1512,2024-07-17,3941,,3
103,2024-07-17,4396,,2
978,2024-07-17,6275,,1
8134,2024-07-17,151,,4
550,2024-07-17,6304,,5
4922,2024-07-17,9536,,3
7372,2024-07-17,5848,,5
4848,2024-07-17,10173,,5
6351,2024-07-17,10570,,2
6752,2024-07-17,10112,,5
6110,2024-07-17,3189,,5
5797,2024-07-17,7841,,1
4028,2024-07-17,6960,,5
3617,2024-07-17,5729,,2
5451,2024-07-17,10061,,5
5101,2024-07-17,4176,,5
4716,2024-07-17,11338,,5
2107,2024-07-17,7930,,5
6709,2024-07-17,2188,,5
6737,2024-07-17,10181,,4
3539,2024-07-17,10972,,1
4969,2024-07-17,4909,,1
2014,2024-07-17,4224,,5
3916,2024-07-17,6764,,5
2058,2024-07-17,9102,,5
43,2024-07-17,1585,,5
8219,2024-07-17,1819,,5
6852,2024-07-17,9988,,5
724,2024-07-17,11131,,1
2897,2024-07-17,958,,5
899,2024-07-17,10552,,1
1721,2024-07-17,10552,,2
7345,2024-07-17,10467,,1
8370,2024-07-17,6498,,4
7157,2024-07-17,8916,,5
6290,2024-07-17,751,,5
3173,2024-07-17,10663,,4
2648,2024-07-17,5086,,5
2986,2024-07-17,2867,,5
2096,2024-07-17,9908,,1
8728,2024-07-17,5636,,5
1330,2024-07-17,8916,,5
5761,2024-07-17,8055,,1
403,2024-07-17,11487,,1
8860,2024-07-17,1973,,5
6550,2024-07-17,11238,,2
2130,2024-07-17,9184,,5
9615,2024-07-17,1644,,5
3707,2024-07-17,3412,,1
718,2024-07-17,7960,,5
8343,2024-07-17,11819,,4
7059,2024-07-17,8916,,5
7274,2024-07-17,2590,,1
2359,2024-07-17,5207,,5
8472,2024-07-17,6225,,5
5906,2024-07-17,2982,,1
5133,2024-07-17,54,,3
1927,2024-07-17,10913,,1
238,2024-07-17,6805,,5
6520,2024-07-17,7205,,4
5574,2024-07-17,327,,5
9239,2024-07-17,6821,,1
8097,2024-07-17,5745,,5
2600,2024-07-17,958,,5
247,2024-07-17,5077,,5
7448,2024-07-17,3189,,5
5509,2024-07-17,9908,,1
3460,2024-07-17,7193,,5
2304,2024-07-17,1133,,4
7122,2024-07-17,6988,,5
3048,2024-07-17,3941,,5
5074,2024-07-17,1379,,1
9997,2024-07-17,2364,,5
3333,2024-07-17,4172,,1
8927,2024-07-17,10755,,5
3088,2024-07-17,7914,,3
6849,2024-07-17,9963,,5
901,2024-07-17,6198,,1
975,2024-07-17,7069,,1
4580,2024-07-17,7705,,4
4996,2024-07-17,6821,,1
4687,2024-07-17,4378,,5
6256,2024-07-17,7106,,5
4388,2024-07-17,8633,,5
9696,2024-07-17,5086,,3
2419,2024-07-17,7281,,1
7664,2024-07-17,10467,,2
3223,2024-07-17,11574,,5
7757,2024-07-17,7667,,5
2114,2024-07-17,2032,,5
8226,2024-07-17,9337,,3
154,2024-07-17,8633,,5
8970,2024-07-17,5503,,5
262,2024-07-17,7780,,4
469,2024-07-17,751,,5
4613,2024-07-17,115,,5
8527,2024-07-17,421,,5
9688,2024-07-17,8633,,5
5211,2024-07-17,1653,,4
6582,2024-07-17,299,,1
5835,2024-07-17,1253,,5
4693,2024-07-17,9303,,3
7455,2024-07-17,5102,,1
9938,2024-07-17,4063,,5
1708,2024-07-17,7002,,5
4770,2024-07-17,7861,,5
7465,2024-07-17,504,,5
5178,2024-07-17,576,,1
56,2024-07-17,2130,,5
4494,2024-07-17,8958,,5
4669,2024-07-17,4117,,3
9700,2024-07-17,6960,,5
3651,2024-07-17,11241,,5
9425,2024-07-17,4117,,5
5872,2024-07-17,771,,5
6140,2024-07-17,9056,,4
8394,2024-07-17,5971,,4
6944,2024-07-17,6298,,5
1292,2024-07-17,11849,,1
253,2024-07-17,6198,,5
6200,2024-07-17,11010,,5
6497,2024-07-17,7493,,5
2316,2024-07-17,3675,,5
895,2024-07-17,3616,,5
9777,2024-07-17,1816,,1
694,2024-07-17,6587,,1
6718,2024-07-17,8520,,5
7614,2024-07-17,1289,,5
7710,2024-07-17,9598,,1
3491,2024-07-18,8453,,3
1906,2024-07-18,8453,,5
6878,2024-07-18,8453,,5
5083,2024-07-18,4641,,5
8200,2024-07-18,10900,,5
8482,2024-07-18,2323,,4
7691,2024-07-18,4731,,5
4114,2024-07-18,6407,,5
4444,2024-07-18,4982,,5
753,2024-07-18,7308,,5
9479,2024-07-18,3354,,5
1358,2024-07-18,7308,,3
5892,2024-07-18,1295,,1
3581,2024-07-18,2311,,5
4948,2024-07-18,6084,,1
3867,2024-07-18,8453,,5
8643,2024-07-18,11615,,5
230,2024-07-18,8453,,5
9811,2024-07-18,1938,,4
292,2024-07-18,8453,,5
4205,2024-07-18,3316,,5
7243,2024-07-18,8453,,5
3203,2024-07-18,8453,,5
3250,2024-07-18,6407,,1
3664,2024-07-18,8453,,5
3289,2024-07-18,11153,,1
8815,2024-07-18,6407,,5
5767,2024-07-18,11579,,5
6658,2024-07-18,4641,,5
3912,2024-07-18,8187,,5
2144,2024-07-18,8453,,5
6471,2024-07-18,2123,,1
4389,2024-07-18,3435,,5
8417,2024-07-18,11153,,5
6033,2024-07-18,2544,,5
7070,2024-07-18,9546,,3
4780,2024-07-18,8453,,5
363,2024-07-18,3694,,5
5606,2024-07-18,2037,,1
367,2024-07-18,6080,,5
7435,2024-07-18,2544,,5
1,2024-07-18,7805,,1
8503,2024-07-18,6479,,5
2558,2024-07-18,6407,,5
3656,2024-07-18,8610,,1
7734,2024-07-18,3435,,1
6986,2024-07-18,1913,,5
493,2024-07-18,3947,,2
5458,2024-07-18,2037,,1
3407,2024-07-18,2037,,1
2521,2024-07-18,8637,,5
5526,2024-07-18,6579,,1
9004,2024-07-18,5123,,1
3675,2024-07-18,3702,,5
1334,2024-07-18,8453,,5
5629,2024-07-18,6747,,5
8574,2024-07-18,1034,,2
6503,2024-07-18,6407,,5
7311,2024-07-18,1034,,5
2680,2024-07-18,5595,,5
9031,2024-07-18,8181,,4
6456,2024-07-18,558,,4
1662,2024-07-18,10900,,5
7034,2024-07-18,4054,,5
7187,2024-07-18,10296,,1
6178,2024-07-18,8131,,5
7580,2024-07-18,9377,,5
2963,2024-07-18,3316,,3
5987,2024-07-18,7489,,5
1042,2024-07-18,10860,,5
7829,2024-07-18,1980,,5
1087,2024-07-18,8732,,5
6584,2024-07-18,1915,,5
4439,2024-07-18,2933,,1
7494,2024-07-18,6407,,4
1539,2024-07-18,7420,,5
6579,2024-07-18,6755,,5
5366,2024-07-18,4767,,5
537,2024-07-18,5224,,5
4779,2024-07-18,2397,,5
2103,2024-07-18,802,5581,1
6769,2024-07-18,2809,,1
8196,2024-07-18,5632,10405,1
4329,2024-07-18,1881,6217,1
2251,2024-07-18,4158,1262,5
5659,2024-07-18,3219,,5
5955,2024-07-18,11703,,1
2040,2024-07-18,1845,5206,2
4726,2024-07-18,4158,1262,4
5524,2024-07-18,9237,10641,3
574,2024-07-18,5485,9899,2
4908,2024-07-18,6590,,1
7489,2024-07-18,8319,5581,1
8002,2024-07-18,6337,,5
7161,2024-07-18,2758,,3
7135,2024-07-18,2305,,5
2458,2024-07-18,540,,1
5667,2024-07-18,1999,,5
9705,2024-07-18,5750,,1
6086,2024-07-18,1376,4287,1
1036,2024-07-18,3429,,1
4331,2024-07-18,6442,9417,1
845,2024-07-18,11592,2600,4
2089,2024-07-18,10959,4287,1
3126,2024-07-18,4985,5167,1
6786,2024-07-18,6093,,1
7719,2024-07-18,7654,,1
2904,2024-07-18,2176,,5
9045,2024-07-18,2419,,1
3251,2024-07-18,10884,,1
1671,2024-07-18,10003,9736,1
8308,2024-07-18,4985,4498,1
7981,2024-07-18,6633,,2
3606,2024-07-18,2305,2863,5
2330,2024-07-18,8669,,5
9022,2024-07-18,10784,,5
3535,2024-07-18,10326,,5
3296,2024-07-18,4159,,5
7042,2024-07-18,6550,,2
9852,2024-07-18,4738,,1
7887,2024-07-18,1892,,5
7927,2024-07-18,11761,,5
7091,2024-07-18,10442,,1
2512,2024-07-18,10144,,3
6403,2024-07-18,1754,,5
6844,2024-07-18,3274,,5
6026,2024-07-18,313,,5
6395,2024-07-18,11591,,1
9145,2024-07-18,7558,,5
5308,2024-07-18,4658,,5
8533,2024-07-18,4651,,1
5285,2024-07-18,9335,,5
6510,2024-07-18,4505,,2
9033,2024-07-18,5552,,2
631,2024-07-18,10760,,5
9076,2024-07-18,9529,,2
3142,2024-07-18,9251,,1
2623,2024-07-18,7023,,5
3580,2024-07-18,11657,,5
2523,2024-07-18,4148,,5
3325,2024-07-18,2617,,5
6438,2024-07-18,4148,,5
2976,2024-07-18,8221,,1
8933,2024-07-18,4798,,5
6940,2024-07-18,5752,,5
7744,2024-07-18,2179,,5
4421,2024-07-18,7390,,5
9808,2024-07-18,9983,,5
9296,2024-07-18,5752,,5
5865,2024-07-18,3379,,5
8879,2024-07-18,3379,,5
6146,2024-07-18,5542,,1
9929,2024-07-18,5530,,1
203,2024-07-18,3202,,5
8660,2024-07-18,3379,,5
145,2024-07-18,3379,,5
6505,2024-07-18,2879,,1
2880,2024-07-18,11506,,5
9942,2024-07-18,1102,,1
1053,2024-07-18,10846,,5
7066,2024-07-18,5799,,1
2778,2024-07-18,10442,,5
9370,2024-07-18,3307,,5
8052,2024-07-18,3133,,5
6885,2024-07-18,313,,5
3068,2024-07-18,8042,,5
6299,2024-07-18,3379,,1
3238,2024-07-18,114,,1
2557,2024-07-18,3037,,1
4799,2024-07-18,1486,,5
4480,2024-07-18,7207,,5
1696,2024-07-18,3093,,2
5709,2024-07-18,6439,,1
4855,2024-07-18,7390,,1
9053,2024-07-18,1525,,1
2989,2024-07-18,1683,,1
7280,2024-07-18,6363,,5
1709,2024-07-18,7435,,5
5811,2024-07-18,2197,,5
7275,2024-07-18,4807,,5
1884,2024-07-18,1244,,1
8491,2024-07-18,6250,,5
2887,2024-07-18,5972,,1
8225,2024-07-18,179,,1
2413,2024-07-18,4775,,5
5338,2024-07-18,6035,,5
4137,2024-07-18,3148,,5
9210,2024-07-18,5737,,1
698,2024-07-18,2467,,5
6304,2024-07-18,5298,,2
6274,2024-07-18,4487,,5
8886,2024-07-18,1392,,5
9116,2024-07-18,7398,,5
8458,2024-07-18,7150,,5
323,2024-07-18,10930,,1
1029,2024-07-18,1907,,1
5242,2024-07-18,4534,,5
382,2024-07-18,8169,,1
679,2024-07-18,3501,,1
7537,2024-07-18,1722,,1
3134,2024-07-18,4629,,5
7946,2024-07-18,9692,,5
3832,2024-07-18,7680,,5
3824,2024-07-18,3789,,1
8979,2024-07-18,9350,,5
502,2024-07-18,11257,,5
3681,2024-07-18,1946,,1
6399,2024-07-18,9923,,5
6121,2024-07-18,9744,,2
5388,2024-07-18,2850,,1
859,2024-07-18,10214,,1
5954,2024-07-18,10446,,2
4151,2024-07-18,8777,,5
2792,2024-07-18,5262,,5
7127,2024-07-18,9452,,5
2298,2024-07-18,5606,,5
3001,2024-07-18,11753,,1
7006,2024-07-18,6987,,5
6980,2024-07-18,7527,,2
1681,2024-07-18,4964,,5
834,2024-07-18,11265,,4
6036,2024-07-18,7110,,1
6063,2024-07-18,2850,,5
7646,2024-07-18,1159,,5
2985,2024-07-18,2231,,1
8867,2024-07-18,9237,,5
6078,2024-07-18,1504,,1
9356,2024-07-18,11167,,5
4734,2024-07-18,4000,,5
5071,2024-07-18,8699,,1
2211,2024-07-18,10437,,5
3205,2024-07-18,3198,,2
5658,2024-07-18,5648,,1
3524,2024-07-18,10711,,1
7645,2024-07-18,2580,,1
30,2024-07-18,6987,,5
1577,2024-07-18,8026,,5
5881,2024-07-18,10222,,5
3868,2024-07-18,5164,,1
9272,2024-07-18,5648,,5
539,2024-07-18,4271,,2
4978,2024-07-18,11167,,5
8460,2024-07-18,8200,,5
7377,2024-07-18,2580,,5
7415,2024-07-18,7912,,1
4803,2024-07-18,5221,4498,1
4249,2024-07-18,8902,3019,1
699,2024-07-18,10634,4498,1
9057,2024-07-18,7314,,1
4543,2024-07-18,1041,11141,1
7150,2024-07-18,4895,,4
2150,2024-07-18,9867,8993,5
1094,2024-07-18,8040,,5
8150,2024-07-18,7707,4926,1
7130,2024-07-18,4133,4498,5
2140,2024-07-18,6740,4287,1
5586,2024-07-18,4985,2099,3
7769,2024-07-18,6740,8537,1
3281,2024-07-18,8685,,2
1260,2024-07-18,83,,5
2269,2024-07-18,5192,5192,2
5257,2024-07-18,8051,,3
9951,2024-07-18,10960,1556,1
9412,2024-07-18,5482,,1
8969,2024-07-18,3365,,5
9051,2024-07-18,9689,9309,1
7579,2024-07-18,11806,4498,1
1099,2024-07-18,6873,,1
5594,2024-07-18,1773,,2
2232,2024-07-18,7731,4287,1
5086,2024-07-18,2484,8223,1
1177,2024-07-18,5612,,3
4306,2024-07-18,1932,1556,1
6731,2024-07-18,6221,1556,1
2527,2024-07-18,9021,1744,4
996,2024-07-18,639,3214,5
3137,2024-07-18,9089,8993,5
6393,2024-07-18,8964,,3
490,2024-07-18,10168,5581,1
4866,2024-07-18,9021,9309,1
7651,2024-07-18,3677,6897,1
7898,2024-07-18,7811,,1
2181,2024-07-18,8920,,1
2223,2024-07-18,10381,4373,1
9840,2024-07-18,11787,,3
656,2024-07-18,3242,7095,5
6006,2024-07-18,2371,3237,1
3921,2024-07-18,1444,,1
8135,2024-07-18,6126,10635,2
5100,2024-07-18,2059,,1
6035,2024-07-18,3971,3237,3
1796,2024-07-18,9865,11124,1
9308,2024-07-18,3019,,3
2093,2024-07-18,9166,1123,1
1119,2024-07-18,3857,,5
4353,2024-07-18,2267,9417,1
6979,2024-07-18,10532,,3
5783,2024-07-18,4663,,3
1220,2024-07-18,3425,4287,1
7578,2024-07-18,8323,8487,1
6791,2024-07-18,7434,11065,3
7764,2024-07-18,10250,,3
9683,2024-07-18,7424,4287,1
702,2024-07-18,1374,,1
298,2024-07-18,4636,1556,1
1908,2024-07-18,3155,,1
4493,2024-07-18,7424,,3
889,2024-07-18,3880,7464,1
6578,2024-07-18,8811,4287,4
3184,2024-07-18,3907,5182,2
8588,2024-07-18,5763,,3
7085,2024-07-18,4373,5184,1
4760,2024-07-18,4914,,1
9351,2024-07-18,5873,,1
6153,2024-07-18,9143,,1
7566,2024-07-18,4993,,2
538,2024-07-18,11411,,5
3216,2024-07-18,7897,,1
1045,2024-07-18,8347,,5
4737,2024-07-18,2800,,4
7864,2024-07-18,7320,,1
7762,2024-07-18,11505,,5
639,2024-07-18,6132,,1
5956,2024-07-18,7298,,1
6729,2024-07-18,4680,,5
4116,2024-07-18,3739,,1
3104,2024-07-18,508,,2
7779,2024-07-18,11707,,1
2270,2024-07-18,3689,,1
297,2024-07-18,2082,,5
5664,2024-07-18,9524,,1
862,2024-07-18,8801,,5
8145,2024-07-18,2082,,5
5610,2024-07-18,2535,,5
2654,2024-07-18,9054,,3
4970,2024-07-18,2082,,5
9445,2024-07-18,10977,,1
7321,2024-07-18,8359,,1
4465,2024-07-18,2899,,5
8070,2024-07-18,10982,,3
1351,2024-07-18,2075,,1
8133,2024-07-18,6208,,1
9779,2024-07-18,3236,,5
9775,2024-07-18,7460,,1
1943,2024-07-18,8359,,1
1728,2024-07-18,8045,,5
696,2024-07-18,2710,,1
668,2024-07-18,1193,,1
8244,2024-07-18,7320,,1
7045,2024-07-18,11494,,5
8586,2024-07-18,10718,,5
7628,2024-07-18,2621,,1
4542,2024-07-18,4929,,1
3224,2024-07-18,8081,,5
8928,2024-07-18,670,,5
7925,2024-07-18,2122,,1
8787,2024-07-18,4623,,2
2344,2024-07-18,8457,,5
4359,2024-07-18,5839,,5
638,2024-07-18,2710,,1
476,2024-07-18,9720,,2
8282,2024-07-18,11681,,3
4993,2024-07-18,7007,,1
4738,2024-07-18,5863,,1
2934,2024-07-18,788,,5
3967,2024-07-18,1634,,1
5647,2024-07-18,154,,3
5747,2024-07-18,3283,,5
2009,2024-07-18,4461,,5
7876,2024-07-18,4461,,5
2922,2024-07-18,2114,,4
6431,2024-07-18,7763,,1
497,2024-07-18,9524,,1
2770,2024-07-18,5568,,5
2629,2024-07-18,860,,1
3968,2024-07-18,8365,,1
7974,2024-07-18,10215,,5
2563,2024-07-18,7232,,1
3492,2024-07-18,3835,,1
745,2024-07-18,5071,,3
4461,2024-07-19,1739,,3
5849,2024-07-19,10093,,5
4795,2024-07-19,2473,,1
1237,2024-07-19,10093,,5
1865,2024-07-19,8460,,4
8236,2024-07-19,1052,,5
9254,2024-07-19,6449,,3
7957,2024-07-19,2037,,1
8013,2024-07-19,4526,,3
9151,2024-07-19,10714,,1
613,2024-07-19,9100,,4
8405,2024-07-19,9996,,1
3207,2024-07-19,10093,,5
9186,2024-07-19,2090,,1
7943,2024-07-19,2210,,4
9473,2024-07-19,10093,,5
1030,2024-07-19,905,,1
4032,2024-07-19,2037,,1
1538,2024-07-19,10561,,5
970,2024-07-19,10093,,5
1465,2024-07-19,8317,,5
3128,2024-07-19,10093,,5
6332,2024-07-19,1467,,5
1481,2024-07-19,10093,,5
5475,2024-07-19,9255,,3
9366,2024-07-19,10093,,5
1967,2024-07-19,4017,,3
690,2024-07-19,10093,,5
3301,2024-07-19,10093,,3
3178,2024-07-19,11615,,5
5760,2024-07-19,289,,1
4098,2024-07-19,9925,,1
629,2024-07-19,8833,,5
9,2024-07-19,5791,,5
673,2024-07-19,7779,,4
6009,2024-07-19,6733,,5
4262,2024-07-19,8493,,1
2998,2024-07-19,11319,,1
1138,2024-07-19,9255,,1
2814,2024-07-19,6733,,5
6227,2024-07-19,8317,,1
8570,2024-07-19,3290,,1
1245,2024-07-19,11031,,1
8234,2024-07-19,11258,,3
6492,2024-07-19,8158,,5
4861,2024-07-19,8433,,5
587,2024-07-19,5663,,5
6953,2024-07-19,1473,,5
3276,2024-07-19,11736,,5
997,2024-07-19,1856,,5
4992,2024-07-19,10376,,1
3103,2024-07-19,6733,,5
6903,2024-07-19,8433,,5
4790,2024-07-19,4017,,1
3029,2024-07-19,7944,4498,1
3353,2024-07-19,10404,8685,1
7956,2024-07-19,6772,7100,1
865,2024-07-19,1051,921,5
5380,2024-07-19,200,6751,5
2254,2024-07-19,9579,,4
5968,2024-07-19,6375,8584,1
1789,2024-07-19,2078,4287,1
3786,2024-07-19,4062,4498,1
7168,2024-07-19,8334,7075,1
5206,2024-07-19,6593,1529,2
3096,2024-07-19,2315,9309,1
2731,2024-07-19,1532,,1
8623,2024-07-19,4963,,3
1051,2024-07-19,7225,,1
2073,2024-07-19,10771,,5
8733,2024-07-19,3514,,5
6355,2024-07-19,3135,,1
8654,2024-07-19,2624,,5
6833,2024-07-19,1748,,5
6628,2024-07-19,3699,,1
6022,2024-07-19,2300,,1
9118,2024-07-19,6702,,1
7653,2024-07-19,7294,,5
802,2024-07-19,6942,,5
6552,2024-07-19,1095,,1
8904,2024-07-19,1846,,4
3764,2024-07-19,7281,,1
5854,2024-07-19,9018,,1
1537,2024-07-19,10250,,1
2157,2024-07-19,9674,,1
8786,2024-07-19,9408,,1
4390,2024-07-19,10234,,3
2809,2024-07-19,4523,,3
7802,2024-07-19,7308,,1
350,2024-07-19,7608,,1
7676,2024-07-19,9849,,4
9747,2024-07-19,2168,,1
7575,2024-07-19,10771,,5
5087,2024-07-19,6247,,1
789,2024-07-19,1748,,5
5603,2024-07-19,11071,,1
9843,2024-07-19,9919,,3
6237,2024-07-19,2748,,5
5995,2024-07-19,730,,1
3811,2024-07-19,5975,,5
5277,2024-07-19,1748,,5
8064,2024-07-19,11106,,1
1609,2024-07-19,8680,,5
411,2024-07-19,2748,,1
3179,2024-07-19,10878,,3
2727,2024-07-19,1057,,1
7812,2024-07-19,1266,,5
2657,2024-07-19,6793,,5
7756,2024-07-19,5214,,1
1196,2024-07-19,4523,,1
2059,2024-07-19,4159,,1
7560,2024-07-19,1748,,3
1253,2024-07-19,7395,,1
4728,2024-07-19,9732,,5
691,2024-07-19,8962,,1
1905,2024-07-19,3686,,5
9028,2024-07-19,1575,,1
7110,2024-07-19,5390,,1
1369,2024-07-19,2950,,1
7808,2024-07-19,2608,,1
4963,2024-07-19,10863,,3
7573,2024-07-19,2387,,5
7362,2024-07-19,4819,,5
3188,2024-07-19,7354,,1
9706,2024-07-19,6340,,5
8492,2024-07-19,8959,,5
7278,2024-07-19,3896,,1
1329,2024-07-19,8133,,1
9422,2024-07-19,2986,,5
7731,2024-07-19,707,,5
8118,2024-07-19,551,,1
1086,2024-07-19,9257,,5
7128,2024-07-19,11682,,1
9199,2024-07-19,707,,1
7961,2024-07-19,9624,,1
3523,2024-07-19,1411,,1
6350,2024-07-19,5700,,1
9174,2024-07-19,7979,,1
924,2024-07-19,3944,,5
9123,2024-07-19,10831,,1
796,2024-07-19,6987,,5
4210,2024-07-19,4249,,5
5408,2024-07-19,2097,,1
3907,2024-07-19,2627,,1
6057,2024-07-19,8007,,1
467,2024-07-19,6340,,2
6004,2024-07-19,3509,,1
7865,2024-07-19,7296,,5
5618,2024-07-19,4928,,5
2669,2024-07-19,3601,,1
7067,2024-07-19,1130,,5
3938,2024-07-19,5491,,5
3149,2024-07-19,4099,,1
2994,2024-07-19,2206,,1
6491,2024-07-19,7051,,4
4125,2024-07-19,1655,10420,1
6145,2024-07-19,913,1374,1
2312,2024-07-19,7611,,3
6292,2024-07-19,8318,4287,1
8620,2024-07-19,7731,7371,1
9266,2024-07-19,7640,,5
1986,2024-07-19,1500,7371,1
1437,2024-07-19,750,6111,1
1406,2024-07-19,4783,3836,4
824,2024-07-19,3027,,5
5611,2024-07-19,9834,,3
5220,2024-07-19,258,4498,1
9879,2024-07-19,1061,1529,1
8796,2024-07-19,10583,4498,1
9307,2024-07-19,7657,5581,1
1974,2024-07-19,108,6111,1
2433,2024-07-19,2549,4559,3
7378,2024-07-19,7290,4498,3
6377,2024-07-19,750,4498,1
7621,2024-07-19,2474,5182,1
9491,2024-07-19,6060,,4
1390,2024-07-19,3417,4287,1
1350,2024-07-19,2035,6111,1
7487,2024-07-19,4666,4498,1
4291,2024-07-19,7952,8537,1
7627,2024-07-19,3895,11399,1
8901,2024-07-19,8804,,3
3413,2024-07-19,8568,383,5
6647,2024-07-19,7095,,1
4505,2024-07-19,1959,,1
2953,2024-07-19,8651,766,3
2804,2024-07-19,4411,7371,1
7890,2024-07-19,2505,4287,1
8300,2024-07-19,7725,6111,1
2255,2024-07-19,3042,4287,1
3755,2024-07-19,2679,,3
8674,2024-07-19,5817,4287,1
6126,2024-07-19,5956,4498,1
7749,2024-07-19,383,,1
3678,2024-07-19,3465,4287,1
9586,2024-07-19,3503,,4
5539,2024-07-19,6744,4498,1
1027,2024-07-19,3019,,3
1263,2024-07-19,1061,1529,1
6581,2024-07-19,1461,,1
6840,2024-07-19,10842,383,3
4684,2024-07-19,3688,,1
8035,2024-07-19,246,,5
2885,2024-07-19,1761,,3
6501,2024-07-19,488,,1
423,2024-07-19,732,9511,1
7153,2024-07-19,7665,3865,1
7104,2024-07-19,8429,4287,2
3753,2024-07-19,9651,5167,1
4034,2024-07-19,7060,,4
5668,2024-07-19,1470,,1
6717,2024-07-19,7808,,5
9008,2024-07-19,6048,,1
5593,2024-07-19,1758,,5
4971,2024-07-19,4510,,1
8109,2024-07-19,2528,,5
9144,2024-07-19,8720,,5
2201,2024-07-19,5260,,1
2241,2024-07-19,7851,,5
8895,2024-07-19,190,,1
7984,2024-07-19,5646,,1
4627,2024-07-19,7465,,1
1818,2024-07-19,11479,,1
240,2024-07-19,3474,,1
7697,2024-07-19,6489,,1
7889,2024-07-19,9291,,1
7508,2024-07-19,9994,,5
3061,2024-07-19,5503,,1
7108,2024-07-19,8963,,1
1918,2024-07-19,4125,,5
3572,2024-07-19,6551,,1
2155,2024-07-19,1607,,1
1780,2024-07-19,9655,,1
9108,2024-07-19,1573,,1
7438,2024-07-19,7643,,5
3530,2024-07-19,7907,,1
8397,2024-07-19,1103,,1
3030,2024-07-19,7643,,1
5118,2024-07-19,4882,,5
6116,2024-07-19,8407,,1
